seconds,b6,anomalyScore,predicted,anomalyLikelihood
0.19957386363636365,12,1.0,12.0,0.5
0.3991477272727273,0,1.0,12.0,0.5
0.5987215909090908,0,1.0,8.399999999999999,0.5
0.7982954545454546,0,1.0,5.879999999999999,0.5
0.9978693181818181,0,1.0,4.115999999999999,0.5
1.1974431818181817,0,1.0,2.881199999999999,0.5
1.3970170454545454,0,1.0,2.0168399999999993,0.5
1.5965909090909092,0,1.0,1.4117879999999994,0.5
1.796164772727273,0,1.0,0.9882515999999995,0.5
1.9957386363636362,0,1.0,0.6917761199999996,0.5
2.1953125,0,1.0,0.48424328399999966,0.5
2.3948863636363633,0,1.0,0.33897029879999974,0.5
2.5944602272727275,0,1.0,0.2372792091599998,0.5
2.794034090909091,0,1.0,0.16609544641199986,0.5
2.993607954545454,1162,1.0,0.11626681248839989,0.5
3.1931818181818183,0,1.0,0.0,0.5
3.3927556818181817,0,0.775,0.0,0.5
3.592329545454546,0,1.0,0.0,0.5
3.791903409090909,0,1.0,0.0,0.5
3.9914772727272725,0,1.0,0.0,0.5
4.191051136363637,0,0.95,0.0,0.5
4.390625,0,1.0,1162.0,0.5
4.590198863636363,0,1.0,0.0,0.5
4.789772727272727,0,0.8,0.0,0.5
4.989346590909092,0,1.0,0.0,0.5
5.188920454545455,0,0.675,0.0,0.5
5.388494318181818,0,1.0,0.0,0.5
5.588068181818182,0,1.0,0.0,0.5
5.787642045454545,0,1.0,0.0,0.5
5.987215909090908,0,0.55,0.0,0.5
6.186789772727273,0,1.0,0.0,0.5
6.386363636363637,0,0.95,0.0,0.5
6.5859375,0,0.975,0.0,0.5
6.785511363636363,0,1.0,0.0,0.5
6.985085227272727,0,0.675,0.0,0.5
7.184659090909092,0,1.0,0.0,0.5
7.384232954545455,0,0.775,0.0,0.5
7.583806818181818,0,0.525,0.0,0.5
7.783380681818182,0,1.0,0.0,0.5
7.982954545454545,0,0.875,0.0,0.5
8.182528409090908,0,1.0,0.0,0.5
8.382102272727273,0,0.8,0.0,0.5
8.581676136363637,0,0.975,0.0,0.5
8.78125,0,1.0,0.0,0.5
8.980823863636363,0,1.0,0.0,0.5
9.180397727272727,0,1.0,0.0,0.5
9.37997159090909,0,0.425,0.0,0.5
9.579545454545453,0,0.825,0.0,0.5
9.779119318181817,0,1.0,0.0,0.5
9.978693181818183,2,0.725,2.0,0.5
10.178267045454547,0,1.0,0.0,0.5
10.37784090909091,0,0.9,0.0,0.5
10.577414772727273,0,1.0,0.0,0.5
10.776988636363637,0,1.0,0.0,0.5
10.9765625,0,0.675,0.0,0.5
11.176136363636363,0,1.0,0.0,0.5
11.375710227272727,0,0.875,0.0,0.5
11.57528409090909,0,1.0,0.0,0.5
11.774857954545453,0,0.4,0.0,0.5
11.974431818181817,0,1.0,0.0,0.5
12.174005681818183,0,0.625,0.0,0.5
12.373579545454547,0,1.0,0.0,0.5
12.57315340909091,0,0.125,0.0,0.5
12.772727272727273,0,1.0,0.0,0.5
12.972301136363637,0,0.675,0.0,0.5
13.171875,0,0.975,0.0,0.5
13.371448863636363,0,0.975,0.0,0.5
13.571022727272727,0,0.975,0.0,0.5
13.77059659090909,0,0.925,0.0,0.5
13.970170454545453,0,1.0,0.0,0.5
14.169744318181817,0,1.0,0.0,0.5
14.369318181818183,0,0.75,0.0,0.5
14.568892045454547,0,1.0,0.0,0.5
14.76846590909091,0,0.875,0.0,0.5
14.968039772727273,0,0.925,0.0,0.5
15.167613636363637,0,1.0,0.0,0.5
15.3671875,0,0.95,0.0,0.5
15.566761363636363,0,0.475,0.0,0.5
15.766335227272727,0,1.0,0.0,0.5
15.96590909090909,0,0.975,0.0,0.5
16.165482954545453,0,0.825,0.0,0.5
16.365056818181817,0,0.975,0.0,0.5
16.564630681818183,0,1.0,0.0,0.5
16.764204545454547,0,1.0,0.0,0.5
16.96377840909091,0,1.0,0.0,0.5
17.163352272727273,0,0.975,0.0,0.5
17.362926136363637,0,1.0,0.0,0.5
17.5625,0,0.775,0.0,0.5
17.762073863636367,0,1.0,0.0,0.5
17.961647727272727,0,0.975,0.0,0.5
18.161221590909093,0,1.0,0.0,0.5
18.360795454545453,0,0.975,0.0,0.5
18.56036931818182,0,0.975,0.0,0.5
18.75994318181818,0,0.95,0.0,0.5
18.959517045454547,0,0.975,9.172027112046351e-08,0.5
19.159090909090907,0,1.0,0.0,0.5
19.358664772727273,0,0.925,0.0,0.5
19.558238636363633,0,1.0,0.0,0.5
19.7578125,0,1.0,0.0,0.5
19.957386363636367,0,1.0,1.54154259672163e-08,0.5
20.156960227272727,0,0.825,1.079079817705141e-08,0.5
20.356534090909093,0,0.975,7.553558723935986e-09,0.5
20.556107954545453,0,0.95,5.287491106755189e-09,0.5
20.75568181818182,0,0.975,0.0,0.5
20.95525568181818,0,1.0,0.0,0.5
21.154829545454547,0,0.925,0.0,0.5
21.354403409090907,0,0.75,0.0,0.5
21.553977272727273,0,1.0,0.0,0.5
21.753551136363633,0,0.65,0.0,0.5
21.953125,0,1.0,4.354476288530486e-10,0.5
22.152698863636367,0,1.0,0.0,0.5
22.352272727272727,0,0.975,2.1336933813799379e-10,0.5
22.551846590909093,0,1.0,1.4935853669659565e-10,0.5
22.751420454545453,0,1.0,0.0,0.5
22.95099431818182,0,0.975,7.318568298133186e-11,0.5
23.15056818181818,0,0.9,5.1229978086932295e-11,0.5
23.350142045454547,0,1.0,0.0,0.5
23.549715909090907,0,1.0,2.5102689262596822e-11,0.5
23.749289772727273,0,0.9,0.0,0.5
23.948863636363633,0,1.0,1.2300317738672441e-11,0.5
24.1484375,0,1.0,0.0,0.5
24.348011363636367,0,1.0,0.0,0.5
24.547585227272727,0,0.95,4.219008984364646e-12,0.5
24.747159090909093,0,0.975,0.0,0.5
24.946732954545453,0,1.0,0.0,0.5
25.14630681818182,0,0.975,1.4471200816370731e-12,0.5
25.34588068181818,0,1.0,1.012984057145951e-12,0.5
25.545454545454547,0,0.975,0.0,0.5
25.745028409090907,0,1.0,4.96362188001516e-13,0.5
25.944602272727273,0,1.0,3.4745353160106114e-13,0.5
26.144176136363633,0,0.875,2.4321747212074277e-13,0.5
26.34375,0,0.975,1.7025223048451993e-13,0.5
26.543323863636367,0,0.875,1.1917656133916395e-13,0.5
26.742897727272727,0,1.0,8.342359293741476e-14,0.5
26.942471590909093,0,0.725,5.839651505619032e-14,0.5
27.142045454545453,0,0.975,4.087756053933322e-14,0.5
27.34161931818182,0,0.85,2.8614292377533255e-14,0.5
27.54119318181818,0,1.0,2.003000466427328e-14,0.5
27.740767045454547,0,0.975,1.4021003264991294e-14,0.5
27.940340909090907,0,0.525,9.814702285493905e-15,0.5
28.139914772727273,0,0.9,6.870291599845733e-15,0.5
28.339488636363633,0,0.875,4.809204119892013e-15,0.5
28.5390625,0,0.825,3.366442883924409e-15,0.5
28.738636363636367,0,0.9,2.3565100187470862e-15,0.5
28.938210227272727,0,0.9,1.6495570131229602e-15,0.5
29.137784090909093,0,0.975,1.1546899091860721e-15,0.5
29.337357954545453,0,1.0,8.082829364302504e-16,0.5
29.53693181818182,0,1.0,5.657980555011753e-16,0.5
29.73650568181818,0,1.0,3.9605863885082265e-16,0.5
29.936079545454547,0,0.8,2.772410471955758e-16,0.5
30.135653409090907,0,0.875,1.9406873303690307e-16,0.5
30.335227272727273,0,0.9,1.3584811312583215e-16,0.5
30.534801136363633,0,0.9,9.50936791880825e-17,0.5
30.734375,0,0.775,6.656557543165775e-17,0.5
30.933948863636367,0,1.0,0.0,0.5
31.133522727272727,0,0.825,0.0,0.5
31.333096590909093,0,1.0,2.2831992373058603e-17,0.5
31.532670454545453,0,1.0,1.598239466114102e-17,0.5
31.73224431818182,0,0.9,1.1187676262798714e-17,0.5
31.93181818181818,0,0.925,7.8313733839591e-18,0.5
32.13139204545455,0,0.925,5.481961368771369e-18,0.5
32.33096590909091,0,1.0,3.837372958139958e-18,0.5
32.53053977272727,0,0.95,2.6861610706979706e-18,0.5
32.73011363636363,0,1.0,1.880312749488579e-18,0.5
32.9296875,0,0.8,1.3162189246420053e-18,0.5
33.12926136363637,0,0.825,9.213532472494037e-19,0.5
33.32883522727273,0,0.8,6.449472730745825e-19,0.5
33.52840909090909,0,0.95,4.514630911522078e-19,0.5
33.72798295454545,0,0.9,3.160241638065454e-19,0.5
33.92755681818182,0,1.0,2.212169146645818e-19,0.5
34.12713068181818,0,0.975,1.5485184026520724e-19,0.5
34.32670454545455,0,0.825,1.0839628818564506e-19,0.5
34.52627840909091,0,0.825,7.587740172995153e-20,0.5
34.72585227272727,0,1.0,5.311418121096607e-20,0.5
34.92542613636363,0,1.0,3.7179926847676245e-20,0.5
35.125,0,0.875,2.6025948793373368e-20,0.5
35.32457386363636,0,0.825,1.8218164155361358e-20,0.5
35.524147727272734,0,0.675,1.275271490875295e-20,0.5
35.72372159090909,0,0.8,8.926900436127065e-21,0.5
35.92329545454545,0,0.725,6.248830305288945e-21,0.5
36.12286931818181,0,0.775,4.374181213702261e-21,0.5
36.32244318181819,0,0.75,3.0619268495915823e-21,0.5
36.52201704545455,0,0.875,2.1433487947141073e-21,0.5
36.72159090909091,0,0.825,1.500344156299875e-21,0.5
36.921164772727266,0,0.95,1.0502409094099124e-21,0.5
37.12073863636364,0,0.675,7.351686365869386e-22,0.5
37.3203125,0,0.925,5.14618045610857e-22,0.5
37.51988636363636,0,0.725,3.6023263192759987e-22,0.5
37.719460227272734,0,0.725,2.521628423493199e-22,0.5
37.91903409090909,0,0.625,1.765139896445239e-22,0.5
38.11860795454545,0,0.625,1.2355979275116674e-22,0.5
38.31818181818181,0,0.875,8.649185492581671e-23,0.5
38.51775568181819,0,0.85,6.054429844807169e-23,0.5
38.71732954545455,0,0.575,4.238100891365018e-23,0.5
38.91690340909091,0,0.925,2.9666706239555126e-23,0.5
39.116477272727266,0,0.75,2.0766694367688587e-23,0.5
39.31605113636364,0,0.55,1.453668605738201e-23,0.5
39.515625,0,0.775,1.0175680240167406e-23,0.5
39.71519886363636,0,0.575,7.122976168117184e-24,0.5
39.914772727272734,0,0.875,4.986083317682029e-24,0.5
40.11434659090909,0,0.925,3.49025832237742e-24,0.5
40.31392045454545,0,0.925,2.4431808256641936e-24,0.5
40.51349431818181,0,0.95,1.7102265779649354e-24,0.5
40.71306818181819,0,0.8,1.1971586045754547e-24,0.5
40.91264204545455,0,0.825,8.380110232028183e-25,0.5
41.11221590909091,0,0.6,5.866077162419728e-25,0.5
41.311789772727266,0,0.6,4.1062540136938094e-25,0.5
41.51136363636364,0,0.9,2.8743778095856664e-25,0.5
41.7109375,0,0.725,2.0120644667099663e-25,0.5
41.91051136363636,0,0.475,1.4084451266969762e-25,0.5
42.110085227272734,0,0.7,9.859115886878833e-26,0.5
42.30965909090909,0,0.6,6.901381120815183e-26,0.5
42.50923295454545,0,0.325,4.8309667845706274e-26,0.5
42.70880681818181,0,0.6,3.381676749199439e-26,0.5
42.90838068181819,0,0.3,2.367173724439607e-26,0.5
43.10795454545455,0,0.3,1.6570216071077247e-26,0.5
43.30752840909091,0,0.4,1.1599151249754071e-26,0.5
43.507102272727266,0,0.65,8.11940587482785e-27,0.5
43.70667613636364,0,0.925,5.683584112379495e-27,0.5
43.90625,0,0.475,3.9785088786656464e-27,0.5
44.10582386363636,0,0.55,2.7849562150659524e-27,0.5
44.305397727272734,0,0.525,1.9494693505461667e-27,0.5
44.50497159090909,0,0.75,1.3646285453823167e-27,0.5
44.70454545454545,0,0.675,9.552399817676216e-28,0.5
44.90411931818181,0,0.5,6.686679872373351e-28,0.5
45.10369318181819,0,0.7,4.680675910661345e-28,0.5
45.30326704545455,0,0.675,3.276473137462941e-28,0.5
45.50284090909091,0,0.675,2.2935311962240585e-28,0.5
45.702414772727266,0,0.6,1.6054718373568408e-28,0.5
45.90198863636364,0,0.525,1.1238302861497884e-28,0.5
46.1015625,0,0.325,7.866812003048519e-29,0.5
46.30113636363636,0,0.425,5.506768402133963e-29,0.5
46.500710227272734,0,0.425,3.854737881493774e-29,0.5
46.70028409090909,0,0.4,2.6983165170456414e-29,0.5
46.89985795454545,0,0.3,1.8888215619319488e-29,0.5
47.09943181818181,0,0.4,1.322175093352364e-29,0.5
47.29900568181819,0,0.175,9.255225653466548e-30,0.5
47.49857954545455,0,0.25,6.478657957426583e-30,0.5
47.69815340909091,0,0.55,4.535060570198608e-30,0.5
47.897727272727266,0,0.4,3.174542399139025e-30,0.5
48.09730113636364,0,0.6,2.2221796793973175e-30,0.5
48.296875,0,0.1,1.555525775578122e-30,0.5
48.49644886363636,0,0.375,1.0888680429046853e-30,0.5
48.696022727272734,0,0.5,7.622076300332796e-31,0.5
48.89559659090909,0,0.8,5.3354534102329574e-31,0.5
49.09517045454545,0,0.875,3.73481738716307e-31,0.5
49.29474431818181,0,0.3,2.6143721710141488e-31,0.5
49.49431818181819,0,0.5,1.830060519709904e-31,0.5
49.69389204545455,0,0.875,1.2810423637969328e-31,0.5
49.89346590909091,0,0.875,8.967296546578529e-32,0.5
50.093039772727266,0,0.5,6.277107582604971e-32,0.5
50.29261363636364,0,0.6,4.393975307823479e-32,0.5
50.4921875,0,0.425,3.075782715476435e-32,0.5
50.69176136363636,0,0.2,2.1530479008335046e-32,0.5
50.891335227272734,0,0.325,1.507133530583453e-32,0.5
51.09090909090909,0,0.475,1.0549934714084172e-32,0.5
51.29048295454545,0,0.55,7.384954299858919e-33,0.5
51.49005681818181,0,0.5,5.169468009901243e-33,0.5
51.68963068181819,0,0.4,3.61862760693087e-33,0.5
51.88920454545455,0,0.35,2.5330393248516087e-33,0.5
52.08877840909091,0,0.225,1.773127527396126e-33,0.5
52.288352272727266,0,0.125,1.241189269177288e-33,0.5
52.48792613636364,0,0.225,8.688324884241016e-34,0.5
52.6875,0,0.35,6.081827418968711e-34,0.5
52.88707386363636,0,0.35,4.2572791932780975e-34,0.5
53.086647727272734,0,0.3,2.9800954352946682e-34,0.5
53.28622159090909,0,0.275,2.0860668047062676e-34,0.5
53.48579545454545,0,0.025,1.4602467632943873e-34,0.5
53.68536931818181,0,0.375,1.022172734306071e-34,0.5
53.88494318181819,0,0.2,7.155209140142496e-35,0.5
54.08451704545455,8,0.6,5.008646398099747e-35,0.5
54.28409090909091,0,0.575,2.4,0.5
54.483664772727266,0,0.325,1.68,0.5
54.68323863636364,0,0.025,1.176,0.5
54.8828125,0,0.075,0.8231999999999999,0.5
55.08238636363636,0,0.0,0.5762399999999999,0.5
55.281960227272734,6,0.3,0.4033679999999999,0.5
55.48153409090909,4,0.325,2.0823576,0.5
55.68110795454545,8,0.425,2.65765032,0.5
55.88068181818181,7,0.1,4.2603552239999996,0.5
56.08025568181819,0,0.1,5.082248656799999,0.5
56.27982954545455,0,0.075,3.557574059759999,0.5
56.47940340909091,0,0.175,2.4903018418319993,0.5
56.678977272727266,0,0.4,1.7432112892823994,0.5
56.87855113636364,0,0.6,1.2202479024976796,0.5
57.078125,0,0.425,0.8541735317483756,0.5
57.27769886363636,0,0.025,0.5979214722238629,0.5
57.477272727272734,0,0.05,0.41854503055670406,0.5
57.67684659090909,0,0.125,0.2929815213896928,0.5
57.87642045454545,0,0.075,0.20508706497278495,0.5
58.07599431818181,0,0.15,0.14356094548094944,0.5
58.27556818181819,0,0.2,0.10049266183666461,0.5
58.47514204545455,0,0.15,0.07034486328566522,0.5
58.67471590909091,0,0.05,0.04924140429996565,0.5
58.874289772727266,0,0.0,0.03446898300997595,0.5
59.07386363636364,0,0.225,0.024128288106983167,0.5
59.2734375,0,0.1,0.016889801674888214,0.5
59.47301136363636,0,0.35,0.01182286117242175,0.5
59.672585227272734,0,0.15,0.008276002820695225,0.5
59.87215909090909,0,0.5,0.005793201974486657,0.5
60.07173295454545,0,0.025,0.00405524138214066,0.5
60.27130681818181,0,0.1,0.0028386689674984615,0.5
60.47088068181819,0,0.0,0.001987068277248923,0.5
60.67045454545455,0,0.125,0.0013909477940742458,0.5
60.87002840909091,0,0.45,0.000973663455851972,0.5
61.069602272727266,0,0.0,0.0006815644190963804,0.5
61.26917613636364,0,0.5,0.00047709509336746624,0.5
61.46875,0,0.05,0.00033396656535722636,0.5
61.66832386363636,0,0.3,0.00023377659575005844,0.5
61.867897727272734,0,0.025,0.0001636436170250409,0.5
62.06747159090909,0,0.0,0.00011455053191752861,0.5
62.26704545454545,0,0.0,8.018537234227002e-05,0.5
62.46661931818181,0,0.35,5.612976063958901e-05,0.5
62.66619318181819,0,0.025,3.92908324477123e-05,0.5
62.86576704545455,0,0.0,2.750358271339861e-05,0.5
63.06534090909091,0,0.075,1.9252507899379026e-05,0.5
63.264914772727266,0,0.0,1.3476755529565317e-05,0.5
63.46448863636364,0,0.025,9.433728870695721e-06,0.5
63.6640625,0,0.4,6.603610209487005e-06,0.5
63.86363636363636,0,0.075,4.6225271466409035e-06,0.5
64.06321022727273,0,0.3,3.2357690026486324e-06,0.5
64.2627840909091,0,0.025,2.2650383018540424e-06,0.5
64.46235795454545,0,0.025,1.5855268112978296e-06,0.5
64.66193181818181,0,0.025,1.1098687679084806e-06,0.5
64.86150568181819,0,0.125,7.769081375359364e-07,0.5
65.06107954545455,0,0.025,5.438356962751555e-07,0.5
65.2606534090909,0,0.0,3.806849873926088e-07,0.5
65.46022727272727,0,0.0,2.6647949117482617e-07,0.5
65.65980113636364,0,0.025,1.865356438223783e-07,0.5
65.859375,0,0.0,1.305749506756648e-07,0.5
66.05894886363636,0,0.0,9.140246547296536e-08,0.5
66.25852272727273,0,0.0,6.398172583107575e-08,0.5
66.4580965909091,0,0.025,4.478720808175302e-08,0.5
66.65767045454545,0,0.15,3.1351045657227116e-08,0.5
66.85724431818181,0,0.05,2.194573196005898e-08,0.5
67.05681818181819,0,0.025,1.5362012372041285e-08,0.5
67.25639204545455,0,0.0,1.0753408660428899e-08,0.5
67.4559659090909,0,0.1,7.527386062300229e-09,0.5
67.65553977272727,0,0.15,5.26917024361016e-09,0.5
67.85511363636364,0,0.0,3.688419170527112e-09,0.5
68.0546875,0,0.2,2.5818934193689782e-09,0.5
68.25426136363636,0,0.1,1.8073253935582846e-09,0.5
68.45383522727273,0,0.125,1.2651277754907992e-09,0.5
68.6534090909091,0,0.0,8.855894428435594e-10,0.5
68.85298295454545,0,0.0,6.199126099904916e-10,0.5
69.05255681818181,0,0.0,4.3393882699334407e-10,0.5
69.25213068181819,0,0.0,3.037571788953408e-10,0.5
69.45170454545455,0,0.05,2.1263002522673856e-10,0.5
69.6512784090909,0,0.0,1.4884101765871697e-10,0.5
69.85085227272727,0,0.075,1.0418871236110187e-10,0.5
70.05042613636364,0,0.1,7.293209865277131e-11,0.5
70.25,0,0.025,5.105246905693991e-11,0.5
70.44957386363637,0,0.0,3.5736728339857936e-11,0.5
70.64914772727272,0,0.425,2.5015709837900553e-11,0.5
70.8487215909091,0,0.025,1.7510996886530385e-11,0.5
71.04829545454547,0,0.0,1.2257697820571268e-11,0.5
71.24786931818181,0,0.0,8.580388474399887e-12,0.5
71.44744318181819,0,0.0,6.006271932079921e-12,0.5
71.64701704545453,0,0.45,4.204390352455944e-12,0.5
71.8465909090909,0,0.0,2.9430732467191607e-12,0.5
72.04616477272728,0,0.075,2.0601512727034124e-12,0.5
72.24573863636363,0,0.0,1.4421058908923885e-12,0.5
72.4453125,0,0.0,1.009474123624672e-12,0.5
72.64488636363637,0,0.0,7.066318865372704e-13,0.5
72.84446022727272,0,0.0,4.946423205760893e-13,0.5
73.0440340909091,0,0.0,3.462496244032625e-13,0.5
73.24360795454547,0,0.0,2.4237473708228375e-13,0.5
73.44318181818181,0,0.0,1.696623159575986e-13,0.5
73.64275568181819,0,0.1,1.1876362117031902e-13,0.5
73.84232954545453,0,0.0,8.313453481922332e-14,0.5
74.0419034090909,0,0.1,5.819417437345632e-14,0.5
74.24147727272728,0,0.15,4.073592206141942e-14,0.5
74.44105113636363,0,0.0,2.851514544299359e-14,0.5
74.640625,0,0.575,1.9960601810095514e-14,0.5
74.84019886363637,0,0.0,1.3972421267066858e-14,0.5
75.03977272727272,0,0.3,9.7806948869468e-15,0.5
75.2393465909091,0,0.0,6.84648642086276e-15,0.5
75.43892045454547,0,0.025,4.792540494603932e-15,0.5
75.63849431818181,0,0.025,3.354778346222752e-15,0.5
75.83806818181819,0,0.075,2.3483448423559265e-15,0.5
76.03764204545453,0,0.025,1.6438413896491484e-15,0.5
76.2372159090909,0,0.0,1.1506889727544039e-15,0.5
76.43678977272728,0,0.075,8.054822809280826e-16,0.5
76.63636363636363,0,0.0,5.638375966496578e-16,0.5
76.8359375,0,0.05,3.9468631765476044e-16,0.5
77.03551136363637,0,0.025,2.762804223583323e-16,0.5
77.23508522727272,0,0.0,1.933962956508326e-16,0.5
77.4346590909091,0,0.025,1.3537740695558282e-16,0.5
77.63423295454547,0,0.075,9.476418486890797e-17,0.50018550993231914
77.83380681818181,0,0.125,6.633492940823557e-17,0.50018351520211968
78.03338068181819,0,0.1,4.6434450585764897e-17,0.50018052310658923
78.23295454545453,0,0.025,3.2504115410035425e-17,0.50017952574141011
78.4325284090909,0,0.2,2.2752880787024797e-17,0.50017453891557229
78.63210227272728,0,0.25,1.5927016550917357e-17,0.50016456526381547
78.83167613636363,0,0.05,1.114891158564215e-17,0.50016456526381547
79.03125,0,0.275,7.804238109949504e-18,0.50015459161173292
79.23082386363637,0,0.1,5.4629666769646526e-18,0.50015060215090212
79.43039772727272,0,0.35,3.824076673875257e-18,0.50013763640354636
79.6299715909091,0,0.0,2.6768536717126794e-18,0.50014062849928054
79.82954545454547,0,0.175,1.8737975701988754e-18,0.50013863376899004
80.02911931818181,0,0.0,1.3116582991392126e-18,0.50014262322986469
80.22869318181819,0,0.225,9.181608093974488e-19,0.5001346443084731
80.42826704545453,0,0.0,6.427125665782141e-19,0.50014262323023628
80.6278409090909,0,0.275,4.498987966047498e-19,0.50014162586479605
80.82741477272728,0,0.075,3.1492915762332486e-19,0.50014062849950347
81.02698863636363,0,0.15,2.204504103363274e-19,0.50014561532551149
81.2265625,0,0.0,1.5431528723542918e-19,0.50014960478636095
81.42613636363637,0,0.075,1.0802070106480042e-19,0.50016057580309847
81.62571022727272,0,0.4,7.56144907453603e-20,0.50014461795977661
81.8252840909091,0,0.075,5.2930143521752205e-20,0.50014860742033251
82.02485795454547,0,0.9,3.705110046522654e-20,0.50011270227365323
82.22443181818181,0,0.15,2.5935770325658576e-20,0.50011569436885239
82.42400568181819,0,0.325,1.8155039227961e-20,0.50010272862135918
82.62357954545453,0,0.25,1.27085274595727e-20,0.50010372598682939
82.8231534090909,0,0.25,8.895969221700889e-21,0.50009674443030827
83.02272727272728,0,0.0,6.227178455190621e-21,0.50010272862195371
83.22230113636363,0,0.375,4.3590249186334344e-21,0.50008776814339417
83.421875,0,0.075,3.051317443043404e-21,0.50008776814339417
83.62144886363637,0,0.325,2.1359222101303827e-21,0.50009076023983001
83.82102272727272,0,0.0,1.4951455470912678e-21,0.50009375233566633
84.0205965909091,0,0.2,1.0466018829638875e-21,0.50012167856101453
84.22017045454547,0,0.025,7.326213180747212e-22,0.50012666538732464
84.41974431818181,0,0.3,5.128349226523048e-22,0.50012766275158871
84.61931818181819,0,0.0,3.5898444585661335e-22,0.50013763640369491
84.81889204545453,0,0.25,2.5128911209962935e-22,0.50013763640369491
85.0184659090909,0,0.0,1.7590237846974053e-22,0.50013763640369491
85.21803977272728,0,0.025,1.2313166492881835e-22,0.50015159951648291
85.41761363636363,0,0.075,8.619216545017284e-23,0.50015159951648291
85.6171875,0,0.0,6.033451581512099e-23,0.50016456526344388
85.81676136363637,0,0.0,4.223416107058469e-23,0.50016456526344388
86.01633522727272,0,0.0,2.956391274940928e-23,0.50017254418497681
86.2159090909091,0,0.05,2.0694738924586497e-23,0.50017154681978893
86.41548295454547,0,0.125,1.4486317247210548e-23,0.50017852837645282
86.61505681818181,0,0.025,1.0140422073047383e-23,0.50017753101127149
86.81463068181819,0,0.05,7.098295451133168e-24,0.50018550993254207
87.01420454545453,0,0.025,4.9688068157932174e-24,0.50018451256736862
87.2137784090909,0,0.1,3.478164771055252e-24,0.50018152047184161
87.41335227272728,0,0.125,2.4347153397386764e-24,0.50017952574163305
87.61292613636363,0,0.025,1.7043007378170734e-24,0.50017852837645282
87.8125,0,0.0,1.1930105164719512e-24,0.50017852837645282
88.01207386363637,0,0.025,8.351073615303658e-25,0.50017753101127149
88.21164772727272,0,0.0,5.84575153071256e-25,0.50017952574163305
88.4112215909091,0,0.0,4.092026071498792e-25,0.5001845125674429
88.61079545454547,0,0.025,2.864418250049154e-25,0.5001845125674429
88.81036931818181,0,0.0,2.0050927750344078e-25,0.50018650729778857
89.00994318181819,0,0.0,1.4035649425240854e-25,0.50018750466295958
89.20951704545453,0,0.0,9.824954597668597e-26,0.50019149412363206
89.4090909090909,0,0.125,6.877468218368018e-26,0.50019149412363206
89.60866477272728,0,0.425,4.814227752857612e-26,0.50017553628060829
89.80823863636363,0,0.45,3.369959427000328e-26,0.500157583707866
90.0078125,0,0.025,2.3589715989002294e-26,0.500157583707866
90.20738636363637,0,0.025,1.6512801192301606e-26,0.50015658634266269
90.40696022727272,0,0.175,1.1558960834611123e-26,0.50014960478643522
90.6065340909091,0,0.15,8.091272584227786e-27,0.50014461796022247
90.80610795454547,0,0.05,5.66389080895945e-27,0.50014262322979053
91.00568181818181,0,0.05,3.964723566271614e-27,0.50014062849935481
91.20525568181819,0,0.175,2.7753064963901297e-27,0.50013364694302587
91.40482954545453,0,0.2,1.9427145474730907e-27,0.5001306548472737
91.6044034090909,0,0.05,1.3599001832311635e-27,0.5001456153258087
91.80397727272728,0,0.0,9.519301282618143e-28,0.50016356789876781
92.00355113636363,0,0.05,6.6635108978327e-28,0.50016257053357049
92.203125,0,0.275,4.66445762848289e-28,0.50015259688146807
92.40269886363637,0,0.0,3.2651203399380224e-28,0.50015957843767511
92.60227272727272,0,0.0,2.2855842379566157e-28,0.50016556262901068
92.8018465909091,0,0.025,1.5999089665696308e-28,0.50016655999420501
93.00142045454547,0,0.025,1.1199362765987416e-28,0.50016755735939822
93.20099431818181,0,0.0,7.839553936191191e-29,0.5001745389154979
93.40056818181819,0,0.0,5.487687755333833e-29,0.50018251783694412
93.60014204545453,0,0.125,3.841381428733683e-29,0.5001795257414845
93.7997159090909,0,0.075,2.688967000113578e-29,0.50017653364586612
93.99928977272728,0,0.1,1.8822769000795044e-29,0.5001745389154979
94.19886363636363,0,0.1,1.317593830055653e-29,0.50018152047184161
94.3984375,0,0.1,9.22315681038957e-30,0.50017753101112294
94.59801136363637,0,0.0,6.456209767272699e-30,0.50017753101112294
94.79758522727272,0,0.025,4.519346837090889e-30,0.50017753101112294
94.9971590909091,0,0.05,3.163542785963622e-30,0.5001765336459405
95.19673295454547,0,0.0,2.2144799501745353e-30,0.5001765336459405
95.39630681818181,0,0.0,1.5501359651221746e-30,0.5001765336459405
95.59588068181819,0,0.25,1.0850951755855222e-30,0.50017154682008613
95.79545454545453,0,0.025,7.595666229098655e-31,0.50017354155053517
95.9950284090909,0,0.0,5.316966360369058e-31,0.50017753101127149
96.19460227272728,0,0.15,3.7218764522583404e-31,0.50017553628075695
96.39417613636363,0,0.475,2.605313516580838e-31,0.50016057580339579
96.59375,0,0.025,1.8237194616065867e-31,0.50015957843819536
96.79332386363637,0,0.1,1.2766036231246107e-31,0.50015658634258831
96.99289772727272,0,0.0,8.936225361872274e-32,0.50015858107299405
97.1924715909091,0,0.0,6.255357753310591e-32,0.50015858107299405
97.39204545454547,0,0.0,4.3787504273174133e-32,0.50015858107299405
97.59161931818181,0,0.025,3.065125299122189e-32,0.50016755735962115
97.79119318181819,0,0.2,2.1455877093855322e-32,0.50016057580324702
97.99076704545453,0,0.025,1.5019113965698724e-32,0.50015957843804681
98.1903409090909,0,0.025,1.0513379775989106e-32,0.50016456526418707
98.38991477272728,0,0.075,7.359365843192374e-33,0.50018052310658923
98.58948863636363,0,0.175,5.151556090234662e-33,0.50017453891572083
98.7890625,0,0.025,3.606089263164263e-33,0.50017753101127149
98.98863636363637,0,0.0,2.5242624842149843e-33,0.50017753101127149
99.18821022727272,0,0.0,1.7669837389504887e-33,0.50017753101127149
99.3877840909091,0,0.025,1.2368886172653421e-33,0.50017653364608905
99.58735795454547,0,0.025,8.658220320857394e-34,0.50017653364608905
99.78693181818181,0,0.15,6.060754224600176e-34,0.50017852837630428
99.98650568181819,0,0.05,4.242527957220123e-34,0.50017753101112294
100.18607954545453,0,0.1,2.9697695700540855e-34,0.50017453891557229
100.3856534090909,0,0.025,2.07883869903786e-34,0.50017653364601478
100.58522727272728,0,0.025,1.4551870893265017e-34,0.50018251783686973
100.78480113636363,0,0.1,1.018630962528551e-34,0.50017952574133584
100.984375,0,0.075,7.130416737699857e-35,0.50017653364571757
101.18394886363637,0,0.1,4.9912917163899e-35,0.50017254418497681
101.38352272727272,0,0.075,3.493904201472929e-35,0.50017054945452566
101.5830965909091,0,0.025,2.4457329410310503e-35,0.50017054945452566
101.78267045454547,0,0.0,1.712013058721735e-35,0.50017653364579184
101.98224431818181,0,0.025,1.1984091411052145e-35,0.50017753101097429
102.18181818181819,0,0.175,8.3888639877365e-36,0.50017453891564667
102.38139204545453,0,0.075,5.87220479141555e-36,0.50017254418519974
102.5809659090909,0,0.025,4.1105433539908844e-36,0.50017254418519974
102.78053977272728,0,0.225,2.8773803477936188e-36,0.50016755735962115
102.98011363636363,0,0.075,2.014166243455533e-36,0.50016755735962115
103.1796875,0,0.025,1.409916370418873e-36,0.50017054945519446
103.37926136363637,0,0.175,9.86941459293211e-37,0.50016655999472515
103.57883522727272,0,0.175,6.908590215052476e-37,0.50016057580376727
103.7784090909091,0,0.025,0.0,0.50015957843856684
103.97798295454547,0,0.0,0.0,0.50016057580376727
104.17755681818181,0,0.025,0.0,0.50016655999472515
104.37713068181819,0,0.075,0.0,0.50016655999472515
104.57670454545453,0,0.075,0.0,0.50016456526426134
104.7762784090909,0,0.025,8.127887302107084e-38,0.50017254418542267
104.97585227272728,0,0.05,5.689521111474958e-38,0.50017354155068383
105.17542613636363,0,0.0,3.9826647780324705e-38,0.50017453891586949
105.375,0,0.05,2.787865344622729e-38,0.50017952574155877
105.57457386363637,0,0.025,1.9515057412359102e-38,0.50018550993239341
105.77414772727272,0,0.025,0.0,0.50018550993239341
105.9737215909091,0,0.05,9.562378132055958e-39,0.50018351520204551
106.17329545454547,0,0.2,6.69366469243917e-39,0.50017653364579184
106.37286931818181,0,0.025,4.685565284707419e-39,0.50017852837622989
106.57244318181819,0,0.0,3.279895699295193e-39,0.50018152047184161
106.77201704545453,0,0.0,2.2959269895066353e-39,0.50018251783701839
106.9715909090909,0,0.0,1.6071488926546446e-39,0.50018451256736862
107.17116477272728,0,0.05,1.1250042248582512e-39,0.50018251783701839
107.37073863636363,0,0.0,7.875029574007758e-40,0.50018451256736862
107.5703125,0,0.025,5.5125207018054305e-40,0.50018451256736862
107.76988636363637,0,0.05,3.858764491263801e-40,0.50018351520219406
107.96946022727272,0,0.0,2.7011351438846604e-40,0.50018550993254207
108.1690340909091,0,0.075,1.8907946007192622e-40,0.50019049675831717
108.36860795454547,0,0.0,1.3235562205034834e-40,0.50019149412348352
108.56818181818181,0,0.025,9.264893543524383e-41,0.50019049675831717
108.76775568181819,0,0.0,6.485425480467068e-41,0.50019049675831717
108.96732954545453,0,0.125,4.5397978363269473e-41,0.50018550993254207
109.1669034090909,0,0.1,3.1778584854288627e-41,0.50018351520219406
109.36647727272728,0,0.025,2.2245009398002038e-41,0.50018251783701839
109.56605113636363,0,0.05,1.5571506578601426e-41,0.50018152047184161
109.765625,0,0.0,1.0900054605020998e-41,0.50018351520219406
109.96519886363637,0,0.05,7.630038223514698e-42,0.50018152047184161
110.16477272727272,0,0.0,5.341026756460288e-42,0.5001845125674429
110.3643465909091,0,0.0,3.738718729522201e-42,0.5001845125674429
110.56392045454547,0,0.0,2.6171031106655407e-42,0.50018550993261623
110.76349431818181,0,0.2,0.0,0.50017753101119722
110.96306818181819,0,0.0,1.2823805242261149e-42,0.50018251783701839
111.16264204545453,0,0.05,8.976663669582804e-43,0.50018451256736862
111.3622159090909,0,0.0,6.2836645687079624e-43,0.50018550993254207
111.56178977272728,0,0.125,4.398565198095574e-43,0.50018251783709267
111.76136363636363,0,0.0,3.0789956386669013e-43,0.50018251783709267
111.9609375,0,0.0,2.1552969470668306e-43,0.5001845125674429
112.16051136363637,0,0.0,0.0,0.5001845125674429
112.36008522727272,0,0.025,1.056095504062747e-43,0.50018351520226845
112.5596590909091,0,0.075,7.392668528439228e-44,0.50018052310666361
112.75923295454547,0,0.05,5.174867969907459e-44,0.5001865072977143
112.95880681818181,0,0.125,3.6224075789352215e-44,0.50018152047191577
113.15838068181819,0,0.0,0.0,0.50018351520226845
113.35795454545453,0,0.0,0.0,0.50018351520226845
113.5575284090909,0,0.0,1.2424857995747808e-44,0.5001885020280552
113.75710227272728,0,0.025,0.0,0.50018750466288531
113.95667613636363,0,0.0,6.088180417916425e-45,0.50018750466288531
114.15625,0,0.025,0.0,0.5001865072977143
114.35582386363637,0,0.05,0.0,0.50018550993254207
114.55539772727272,0,0.0,2.0882458833453333e-45,0.50018850202812959
114.7549715909091,0,0.0,1.4617721183417332e-45,0.50019049675846583
114.95454545454547,0,0.0,0.0,0.50019548358421106
115.15411931818181,0,0.025,0.0,0.50019448621904961
115.35369318181819,0,0.175,0.0,0.50018750466310824
115.55326704545453,0,0.0,0.0,0.50018750466310824
115.7528409090909,0,0.0,0.0,0.50018850202827814
115.95241477272728,0,0.3,0.0,0.50017653364586612
116.15198863636363,0,0.0,0.0,0.50017753101104856
116.3515625,0,0.025,0.0,0.50017852837622989
116.55113636363637,0,0.0,5.898777758711975e-47,0.50017852837622989
116.75071022727272,0,0.025,0.0,0.50017753101104856
116.9502840909091,0,0.125,0.0,0.50017254418519974
117.14985795454547,0,0.075,0.0,0.50017054945474859
117.34943181818181,0,0.025,0.0,0.50017653364564318
117.54900568181819,0,0.125,0.0,0.50017154681978893
117.74857954545453,0,0.2,0.0,0.50016356789824767
117.9481534090909,0,0.025,0.0,0.50017453891564667
118.14772727272728,0,0.125,0.0,0.50016955208978142
118.34730113636363,0,0.025,0.0,0.50016955208978142
118.546875,0,0.125,0.0,0.50016456526388975
118.74644886363637,0,0.0,1.1663811013314783e-48,0.50016556262908507
118.94602272727272,0,0.2,8.164667709320348e-49,0.50016257053342184
119.1455965909091,0,0.1,0.0,0.50016157316829779
119.34517045454547,0,0.05,0.0,0.50016057580309847
119.54474431818181,0,0.05,0.0,0.50016356789861915
119.74431818181819,0,0.025,1.960336717007815e-49,0.50017054945497152
119.94389204545453,0,0.05,1.3722357019054705e-49,0.50016955208978142
120.1434659090909,0,0.0,0.0,0.50017453891564667
120.34303977272728,0,0.025,6.7239549393368045e-50,0.50017453891564667
120.54261363636363,0,0.275,4.706768457535763e-50,0.50016855472436739
120.7421875,0,0.0,3.294737920275034e-50,0.50016855472436739
120.94176136363637,0,0.0,2.3063165441925235e-50,0.50017653364586612
121.14133522727272,0,0.05,0.0,0.50017852837622989
121.3409090909091,0,0.05,1.1300951066543365e-50,0.50017852837622989
121.54048295454547,0,0.225,7.910665746580355e-51,0.50017154682030907
121.74005681818181,0,0.025,5.537466022606248e-51,0.50017154682030907
121.93963068181819,0,0.0,3.8762262158243735e-51,0.50017354155068383
122.13920454545453,0,0.0,0.0,0.50017354155068383
122.3387784090909,0,0.075,1.8993508457539428e-51,0.50017154682023479
122.53835227272728,0,0.0,1.3295455920277598e-51,0.5001825178373156
122.73792613636363,0,0.025,9.306819144194319e-52,0.50018152047213871
122.9375,0,0.025,6.5147734009360226e-52,0.50018052310696082
123.13707386363637,0,0.0,4.560341380655215e-52,0.5001825178373156
123.33664772727272,0,0.025,3.1922389664586506e-52,0.50018351520249138
123.5362215909091,0,0.025,2.2345672765210554e-52,0.50019149412348352
123.73579545454547,0,0.0,1.5641970935647387e-52,0.50019249148864864
123.93536931818181,0,0.05,1.094937965495317e-52,0.50019049675831717
124.13494318181819,0,0.0,7.664565758467218e-53,0.50019049675831717
124.33451704545453,0,0.15,5.365196030927052e-53,0.50018750466273665
124.5340909090909,0,0.0,3.755637221648936e-53,0.50018750466273665
124.73366477272728,0,0.025,2.6289460551542553e-53,0.50018750466273665
124.93323863636363,0,0.05,1.8402622386079787e-53,0.50018650729756564
125.1328125,0,0.225,1.288183567025585e-53,0.50017753101134588
125.33238636363637,0,0.0,9.017284969179095e-54,0.50017852837652721
125.53196022727272,0,0.25,6.312099478425366e-54,0.50016955209000435
125.7315340909091,0,0.0,4.418469634897756e-54,0.50016955209000435
125.93110795454547,0,0.075,3.092928744428429e-54,0.50016855472473898
126.13068181818181,0,0.0,2.1650501210999002e-54,0.50016855472473898
126.33025568181819,0,0.075,1.51553508476993e-54,0.50017154682038334
126.52982954545453,0,0.0,1.060874559338951e-54,0.50017154682038334
126.7294034090909,0,0.05,7.426121915372656e-55,0.50017054945519446
126.92897727272728,0,0.0,5.198285340760858e-55,0.50017254418557133
127.12855113636363,0,0.25,3.6387997385326006e-55,0.50017154682016041
127.328125,0,0.05,2.54715981697282e-55,0.50016955208978142
127.52769886363637,0,0.0,1.783011871880974e-55,0.5001795257414845
127.72727272727272,0,0.05,1.2481083103166817e-55,0.50017753101112294
127.9268465909091,0,0.125,8.73675817221677e-56,0.5001755362809055
128.12642045454547,0,0.025,6.115730720551739e-56,0.50017453891572083
128.3259943181818,0,0.0,4.281011504386217e-56,0.50017753101134588
128.5255681818182,0,0.025,2.9967080530703517e-56,0.50017653364616343
128.72514204545453,0,0.075,2.097695637149246e-56,0.5001755362809055
128.9247159090909,0,0.025,1.4683869460044722e-56,0.50017453891572083
129.12428977272728,0,0.0,1.0278708622031306e-56,0.50018451256736862
129.32386363636363,0,0.0,7.195096035421914e-57,0.5001865072977143
129.5234375,0,0.0,5.036567224795339e-57,0.5001865072977143
129.72301136363637,0,0.0,3.525597057356737e-57,0.5001885020280552
129.92258522727272,0,0.0,2.4679179401497157e-57,0.50019348885381265
130.1221590909091,0,0.0,1.727542558104801e-57,0.50019448621897533
130.32173295454547,0,0.0,1.2092797906733606e-57,0.50019448621897533
130.5213068181818,0,0.05,8.464958534713524e-58,0.50019348885381265
130.7208806818182,0,0.0,5.925470974299466e-58,0.50019648094937141
130.92045454545453,0,0.05,4.147829682009626e-58,0.50019548358421106
131.1200284090909,0,0.025,2.9034807774067382e-58,0.50019448621904961
131.31960227272728,0,0.05,2.0324365441847165e-58,0.50019249148872302
131.51917613636363,0,0.0,1.4227055809293015e-58,0.50019249148872302
131.71875,0,0.0,9.95893906650511e-59,0.50019249148872302
131.91832386363637,0,0.15,6.971257346553577e-59,0.50018650729756564
132.11789772727272,0,0.0,4.879880142587504e-59,0.50018650729756564
132.3174715909091,0,0.0,3.4159160998112527e-59,0.50018650729756564
132.51704545454547,0,0.0,2.3911412698678766e-59,0.50018850202790666
132.7166193181818,0,0.0,0.0,0.50018850202790666
132.9161931818182,0,0.15,1.1716592222352595e-59,0.50018451256707142
133.11576704545453,0,0.0,8.201614555646816e-60,0.50018550993224475
133.3153409090909,0,0.05,5.74113018895277e-60,0.50018550993224475
133.51491477272728,0,0.0,0.0,0.50018550993224475
133.71448863636363,0,0.075,2.813153792586857e-60,0.5001825178366468
133.9140625,0,0.0,0.0,0.50018850202783227
134.11363636363637,0,0.175,1.37844535836756e-60,0.50018152047184161
134.31321022727272,0,0.05,0.0,0.5001795257414845
134.5127840909091,0,0.05,6.754382256001044e-61,0.50017753101112294
134.71235795454547,0,0.05,4.72806757920073e-61,0.50017553628075695
134.9119318181818,0,0.0,3.309647305440511e-61,0.50018152047199016
135.1115056818182,0,0.05,0.0,0.50017952574163305
135.31107954545453,0,0.075,1.6217271796658502e-61,0.50017852837637855
135.5106534090909,0,0.0,0.0,0.50017852837637855
135.71022727272728,0,0.125,7.946463180362665e-62,0.50017653364616343
135.90980113636363,0,0.125,5.562524226253865e-62,0.50017154682030907
136.109375,0,0.025,0.0,0.50017753101119722
136.30894886363637,0,0.075,0.0,0.5001765336459405
136.50852272727272,0,0.1,1.9079458096050755e-62,0.50017453891557229
136.7080965909091,0,0.025,1.3355620667235528e-62,0.50017553628075695
136.90767045454547,0,0.125,9.34893446706487e-63,0.50017054945489714
137.1072443181818,0,0.025,0.0,0.50017154682008613
137.3068181818182,0,0.125,4.580977888861785e-63,0.5001695520898557
137.50639204545453,0,0.05,3.2066845222032495e-63,0.50016755735947249
137.7059659090909,0,0.025,2.2446791655422745e-63,0.50017154682016041
137.90553977272728,0,0.0,0.0,0.50017653364601478
138.10511363636363,0,0.4,0.0,0.50016157316814924
138.3046875,0,0.075,7.69924953781e-64,0.50016157316814924
138.50426136363637,0,0.175,5.389474676466999e-64,0.50015858107277111
138.70383522727272,0,0.025,0.0,0.50015858107277111
138.9034090909091,0,0.05,0.0,0.50016157316829779
139.10298295454547,0,0.05,1.8485898140281803e-64,0.50016057580309847
139.3025568181818,0,0.05,1.294012869819726e-64,0.50016356789861915
139.5021306818182,0,0.025,9.058090088738082e-65,0.50016456526381547
139.70170454545453,0,0.05,6.340663062116657e-65,0.50016356789861915
139.9012784090909,0,0.0,0.0,0.50016356789861915
140.10085227272728,0,0.0,3.1069249004371618e-65,0.50017952574163305
140.30042613636363,0,0.025,0.0,0.50018152047206454
140.5,0,0.1,1.5223932012142091e-65,0.50018451256736862
140.69957386363637,0,0.025,0.0,0.50018451256736862
140.89914772727275,0,0.025,7.459726685949623e-66,0.50018550993254207
141.09872159090907,0,0.05,5.221808680164736e-66,0.50018550993254207
141.29829545454544,0,0.025,3.655266076115315e-66,0.5001865072977143
141.4978693181818,0,0.0,0.0,0.50018750466288531
141.6974431818182,0,0.0,1.791080377296504e-66,0.50018949939322388
141.89701704545456,0,0.05,1.2537562641075525e-66,0.50018750466288531
142.09659090909093,0,0.05,0.0,0.50018550993254207
142.29616477272725,0,0.45,6.143405694127006e-67,0.50016855472518484
142.49573863636363,0,0.125,0.0,0.50016755736006702
142.6953125,0,0.225,3.010268790122233e-67,0.50015957843886416
142.89488636363637,0,0.15,2.107188153085563e-67,0.50015459161269893
143.09446022727275,0,0.075,1.4750317071598938e-67,0.50015359424741834
143.29403409090907,0,0.025,1.0325221950119256e-67,0.50015359424741834
143.49360795454544,0,0.0,7.227655365083479e-68,0.50015359424741834
143.6931818181818,0,0.075,0.0,0.50015060215171958
143.8927556818182,0,0.2,3.541551128890904e-68,0.5001446179604454
144.09232954545456,0,0.0,2.4790857902236325e-68,0.50014661269087379
144.29190340909093,0,0.075,1.7353600531565427e-68,0.50016157316814924
144.49147727272725,0,0.0,1.2147520372095798e-68,0.50016655999405635
144.69105113636363,0,0.15,0.0,0.50016955208911273
144.890625,0,0.15,5.95228498232694e-69,0.50016955208911273
145.09019886363637,0,0.0,4.1665994876288575e-69,0.50017254418475388
145.28977272727275,0,0.0,2.9166196413402e-69,0.50017354154994065
145.48934659090907,0,0.0,0.0,0.50017354154994065
145.68892045454544,0,0.0,1.429143624256698e-69,0.50017653364556891
145.8884943181818,0,0.25,0.0,0.50017453891534935
146.0880681818182,0,0.175,7.002803758857819e-70,0.50016755735924956
146.28764204545456,0,0.0,4.901962631200473e-70,0.50017054945489714
146.48721590909093,0,0.0,3.4313738418403304e-70,0.50017054945489714
146.68678977272725,0,0.05,2.401961689288231e-70,0.50017453891579522
146.88636363636363,0,0.0,0.0,0.50018052310703509
147.0859375,0,0.025,1.176961227751233e-70,0.50017952574185598
147.28551136363637,0,0.0,8.238728594258631e-71,0.50017952574185598
147.48508522727275,0,0.05,5.767110015981042e-71,0.50017753101149443
147.68465909090907,0,0.0,0.0,0.50017753101149443
147.88423295454544,0,0.1,2.82588390783071e-71,0.500183515202417
148.0838068181818,0,0.025,1.978118735481497e-71,0.50018949939322388
148.2833806818182,0,0.0,1.3846831148370479e-71,0.50018949939322388
148.48295454545456,0,0.075,0.0,0.50018650729763992
148.68252840909093,0,0.025,0.0,0.50018750466281103
148.88210227272725,0,0.0,4.749463083891073e-72,0.50018750466281103
149.08167613636363,0,0.275,0.0,0.50017753101097429
149.28125,0,0.025,2.3272369111066256e-72,0.50017653364579184
149.48082386363637,0,0.125,0.0,0.50017354155031224
149.68039772727275,0,0.075,1.1403460864422465e-72,0.50017054945467421
149.87997159090907,0,0.05,0.0,0.50017254418505108
150.07954545454544,0,0.025,0.0,0.50017254418505108
150.2791193181818,0,0.05,0.0,0.50017054945467421
150.4786931818182,0,0.025,2.737970953547833e-73,0.50017254418512547
150.67826704545456,0,0.05,0.0,0.50017154681993747
150.87784090909093,0,0.1,1.3416057672384382e-73,0.50016755735917529
151.07741477272725,0,0.5,9.391240370669066e-74,0.50015858107277111
151.27698863636363,0,0.0,6.573868259468346e-74,0.50015957843797243
151.4765625,0,0.0,4.6017077816278414e-74,0.50016456526388975
151.67613636363637,0,0.0,0.0,0.50016755735954677
151.87571022727275,0,0.05,0.0,0.50016755735954677
152.07528409090907,0,0.05,1.5783857690983494e-74,0.50016655999435367
152.27485795454544,0,0.0,1.1048700383688446e-74,0.50016855472473898
152.4744318181818,0,0.0,7.734090268581912e-75,0.50016955208993008
152.6740056818182,0,0.025,0.0,0.50017054945512007
152.87357954545456,0,0.05,0.0,0.50017254418549695
153.07315340909093,0,0.1,0.0,0.5001885020280552
153.27272727272725,0,0.1,1.8569550734865165e-75,0.50018451256736862
153.47230113636363,0,0.0,0.0,0.50018451256736862
153.671875,0,0.15,9.09907986008393e-76,0.50017852837615562
153.87144886363637,0,0.2,6.36935590205875e-76,0.50017254418505108
154.07102272727275,0,0.0,0.0,0.50017453891542374
154.27059659090907,0,0.05,0.0,0.50017254418505108
154.47017045454544,0,0.15,0.0,0.50016655999375914
154.6697443181818,0,0.0,1.5292823520843058e-76,0.50016755735895235
154.8693181818182,0,0.025,0.0,0.50016855472414457
155.06889204545456,0,0.0,0.0,0.50017254418490253
155.26846590909093,0,0.0,0.0,0.50017653364564318
155.46803977272725,0,0.05,3.671806927354417e-77,0.50017453891527497
155.66761363636363,0,0.475,2.5702648491480918e-77,0.50016157316844645
155.8671875,0,0.0,0.0,0.50016955209000435
156.06676136363637,0,0.0,0.0,0.50016955209000435
156.26633522727275,0,0.075,0.0,0.50016855472473898
156.46590909090907,0,0.0,6.171205902804567e-78,0.50017453891601815
156.66548295454544,0,0.2,0.0,0.50016655999450221
156.8650568181818,0,0.025,3.0238908923742377e-78,0.50016655999450221
157.0646306818182,0,0.1,0.0,0.50016257053371915
157.26420454545456,0,0.2,1.4817065372633762e-78,0.5001545916121044
157.46377840909093,0,0.0,0.0,0.50015658634251403
157.66335227272725,0,0.05,7.260362032590543e-79,0.50017354155031224
157.86292613636363,0,0.075,0.0,0.50017054945467421
158.0625,0,0.25,0.0,0.50016057580287554
158.26207386363637,0,0.0,0.0,0.50016356789854488
158.46164772727275,0,0.075,0.0,0.50016057580287554
158.66122159090907,0,0.075,1.220249046817492e-79,0.50016556262878775
158.86079545454544,0,0.05,8.541743327722443e-80,0.50016456526359254
159.0603693181818,0,0.0,0.0,0.50016855472436739
159.2599431818182,0,0.075,0.0,0.50017354155023797
159.45951704545456,0,0.025,2.9298179614087975e-80,0.50017254418505108
159.65909090909093,0,0.1,2.0508725729861582e-80,0.50017054945467421
159.85866477272725,0,0.0,1.4356108010903107e-80,0.50017354155031224
160.05823863636363,0,0.0,0.0,0.50018351520197113
160.2578125,0,0.275,0.0,0.50017254418490253
160.45738636363637,0,0.175,0.0,0.50016855472444166
160.65696022727275,0,0.075,3.446901533417836e-81,0.50016855472444166
160.85653409090907,0,0.0,0.0,0.50017054945482287
161.05610795454544,0,0.0,1.6889817513747393e-81,0.50017054945482287
161.2556818181818,0,0.025,0.0,0.50017254418527402
161.4552556818182,0,0.075,0.0,0.50017054945482287
161.65482954545456,0,0.375,0.0,0.50015957843789804
161.85440340909093,0,0.075,0.0,0.50015658634221682
162.05397727272725,0,0.0,0.0,0.50015658634221682
162.25355113636363,0,0.025,1.9870701406748658e-82,0.50016655999427928
162.453125,0,0.35,1.3909490984724059e-82,0.50015957843812098
162.65269886363637,0,0.0,0.0,0.50016257053379343
162.85227272727275,0,0.05,0.0,0.50016057580339579
163.05184659090907,0,0.05,0.0,0.50015858107299405
163.25142045454544,0,0.025,0.0,0.50015858107299405
163.4509943181818,0,0.15,2.337768149802572e-83,0.50015558897730972
163.6505681818182,0,0.0,0.0,0.5001705494550458
163.85014204545456,0,0.15,0.0,0.50016755735939822
164.04971590909093,0,0.025,8.0185447538228205e-84,0.50016655999420501
164.24928977272725,0,0.025,0.0,0.50016655999420501
164.44886363636363,0,0.0,0.0,0.50018052310636629
164.6484375,0,0.05,0.0,0.50017852837600696
164.84801136363637,0,0.175,0.0,0.50017354155031224
165.04758522727275,0,0.05,0.0,0.50017354155031224
165.24715909090907,0,0.075,0.0,0.5001715468198632
165.44673295454544,0,0.05,0.0,0.50017553628075695
165.6463068181818,0,0.25,4.622531481538253e-85,0.50016556262901068
165.8458806818182,0,0.025,0.0,0.50017054945512007
166.04545454545456,0,0.05,0.0,0.50016955208993008
166.24502840909093,0,0.1,0.0,0.50016655999435367
166.44460227272725,0,0.05,1.1098698087173344e-85,0.50016456526396413
166.64417613636363,0,0.025,0.0,0.50016556262915945
166.84375,0,0.0,0.0,0.50017254418527402
167.04332386363637,0,0.05,0.0,0.50017254418527402
167.24289772727275,0,0.05,2.6647974107303193e-86,0.50017354155053517
167.44247159090907,0,0.725,1.8653581875112232e-86,0.50014661268961058
167.64204545454544,0,0.025,0.0,0.50015558897634371
167.8416193181818,0,0.05,0.0,0.5001545916111384
168.0411931818182,0,0.225,0.0,0.50014761005504638
168.24076704545456,0,0.1,0.0,0.50014761005504638
168.44034090909093,0,0.375,0.0,0.50013464430743271
168.63991477272725,0,0.225,0.0,0.50012666538598716
168.83948863636363,0,0.075,0.0,0.50012367329021812
169.0390625,0,0.125,0.0,0.50012068119459085
169.23863636363637,0,0.15,0.0,0.50011669173349627
169.43821022727275,0,0.35,0.0,0.50013165221294642
169.63778409090907,0,0.025,0.0,0.50013165221294642
169.83735795454544,0,0.075,0.0,0.50013065484764541
170.0369318181818,0,0.25,0.0,0.50012965748219484
170.2365056818182,0,0.1,0.0,0.50012965748219484
170.43607954545456,0,0.025,0.0,0.50014362059508122
170.63565340909093,0,0.15,0.0,0.50014661269020499
170.83522727272725,0,0.175,0.0,0.50014262322964176
171.03480113636363,0,0.2,3.0375746375168618e-89,0.5001396311339128
171.234375,0,0.05,0.0,0.50014362059493256
171.43394886363637,0,0.175,0.0,0.50015060215119944
171.63352272727275,0,0.1,0.0,0.50014761005556641
171.83309659090907,0,0.025,0.0,0.50014960478606363
172.03267045454544,0,0.175,0.0,0.50015259688176528
172.2322443181818,0,0.0,0.0,0.50015658634258831
172.4318181818182,0,0.075,0.0,0.5001545916121044
172.63139204545456,0,0.0,0.0,0.50016057580346995
172.83096590909093,0,0.275,0.0,0.50015658634236537
173.03053977272725,0,0.075,0.0,0.50016157316829779
173.23011363636363,0,0.25,0.0,0.50015359424682382
173.4296875,0,0.1,0.0,0.50015658634221682
173.62926136363637,0,0.25,0.0,0.50015060215112506
173.82883522727275,0,0.125,0.0,0.50014661269035365
174.02840909090907,0,0.2,0.0,0.50014561532491697
174.22798295454544,0,0.125,0.0,0.50014062849890895
174.4275568181818,0,0.075,0.0,0.50014062849890895
174.6271306818182,0,0.15,0.0,0.50013464430743271
174.82670454545456,0,0.1,3.462499491080248e-92,0.50014162586405297
175.02627840909093,0,0.0,0.0,0.50014461795977661
175.22585227272725,0,0.075,1.6966247506293212e-92,0.50015159951603705
175.42542613636363,0,0.25,0.0,0.50014561532491697
175.625,0,0.05,0.0,0.50015359424645234
175.82457386363637,0,0.075,0.0,0.5001555889767153
176.02414772727275,0,0.125,0.0,0.50015858107239952
176.22372159090907,0,0.1,0.0,0.50015957843752656
176.42329545454544,0,0.075,0.0,0.50015957843752656
176.6228693181818,0,0.025,0.0,0.50016456526366682
176.8224431818182,0,0.05,0.0,0.50016655999405635
177.02201704545456,0,0.1,0.0,0.50016257053327329
177.22159090909093,0,0.225,0.0,0.50015658634251403
177.42116477272725,0,0.1,3.35478149225506e-94,0.50016257053357049
177.62073863636363,0,0.125,0.0,0.50015957843804681
177.8203125,0,0.275,0.0,0.50015159951640853
178.01988636363637,0,0.2,0.0,0.50014860742070411
178.21946022727275,0,0.225,8.054830362904395e-95,0.50014362059500694
178.41903409090907,0,0.025,0.0,0.50014561532551149
178.61860795454544,0,0.425,0.0,0.50012965748174898
178.8181818181818,0,0.175,0.0,0.500124670655822
179.0177556818182,0,0.275,0.0,0.50011768909910548
179.21732954545456,0,0.2,1.3537753390933415e-95,0.50011868646397073
179.41690340909093,0,0.175,0.0,0.5001156943684808
179.61647727272725,0,0.125,0.0,0.5001156943684808
179.81605113636363,0,0.1,0.0,0.50012267592520798
180.015625,0,0.0,0.0,0.50013065484705088
180.21519886363637,0,0.15,0.0,0.50013364694220841
180.41477272727275,0,0.25,0.0,0.50012467065530197
180.61434659090907,0,0.4,0.0,0.50012566802075642
180.81392045454544,0,0.1,7.804245428580632e-97,0.50012866011622337
181.0134943181818,0,0.125,0.0,0.50013464430772991
181.2130681818182,0,0.2,0.0,0.50013464430772991
181.41264204545456,0,0.175,0.0,0.50013464430772991
181.61221590909093,0,0.05,1.8737993274022093e-97,0.50013763640332343
181.81178977272725,0,0.05,1.3116595291815465e-97,0.50013963113376425
182.01136363636363,0,0.0,0.0,0.50013963113376425
182.2109375,0,0.1,0.0,0.50014162586435018
182.41051136363637,0,0.15,4.4989921850927034e-98,0.50014561532491697
182.61008522727275,0,0.2,0.0,0.50015359424660089
182.80965909090907,0,0.175,0.0,0.50015060215119944
183.00923295454544,0,0.025,1.5431543194867968e-98,0.50015459161195586
183.2088068181818,0,0.225,0.0,0.50015359424712114
183.4083806818182,0,0.025,0.0,0.50015957843812098
183.60795454545456,0,0.15,0.0,0.50015558897716117
183.80752840909093,0,0.075,3.7051135210877984e-99,0.50015459161188147
184.00710227272725,0,0.1,0.0,0.50015060215105078
184.20667613636363,0,0.175,0.0,0.50014761005564079
184.40625,0,0.3,0.0,0.50014162586420152
184.60582386363637,0,0.2,8.895977564131802e-100,0.50014162586420152
184.80539772727275,0,0.125,0.0,0.50014362059448669
185.00497159090907,0,0.175,0.0,0.50013763640339759
185.20454545454544,0,0.575,0.0,0.50012367329066398
185.4041193181818,0,0.2,0.0,0.50011669173401641
185.6036931818182,0,0.175,1.4951469492036315e-100,0.5001156943691496
185.80326704545456,0,0.45,0.0,0.5001007338913086
186.00284090909093,0,0.225,0.0,0.50009574706542814
186.20241477272725,0,0.45,5.128354035768455e-101,0.50008477604814239
186.40198863636363,0,0.125,0.0,0.50009175760530744
186.6015625,0,0.15,2.5128934775265425e-101,0.50009375233566633
186.80113636363637,0,0.075,0.0,0.50009574706602267
187.00071022727275,0,0.15,0.0,0.5000967444309028
187.20028409090907,0,0.3,0.0,0.50010771544751464
187.39985795454544,0,0.1,0.0,0.50011170490848633
187.5994318181818,0,0.175,0.0,0.50011170490848633
187.7990056818182,0,0.275,2.956394047375201e-102,0.50011868646434232
187.99857954545456,0,0.1,0.0,0.50012367329014396
188.19815340909093,0,0.05,0.0,0.50013963113302107
188.39772727272725,0,0.05,0.0,0.50014262322860148
188.59730113636363,0,0.025,0.0,0.50014761005482344
188.796875,0,0.4,0.0,0.50013464430706112
188.99644886363637,0,0.075,0.0,0.50013763640280318
189.19602272727275,0,0.075,0.0,0.50014661268998206
189.39559659090907,0,0.05,0.0,0.5001486074204069
189.59517045454544,0,0.075,1.1930116352491816e-103,0.50015259688094793
189.7947443181818,0,0.225,0.0,0.5001545916118072
189.9943181818182,0,0.075,0.0,0.50015558897693824
190.19389204545456,0,0.2,0.0,0.50014960478569215
190.39346590909093,0,0.325,0.0,0.50013863376899004
190.59303977272725,0,0.125,2.0050946553632995e-104,0.50013464430817578
190.79261363636363,0,0.175,0.0,0.50014362059537842
190.9921875,0,0.05,0.0,0.50014461796066834
191.19176136363637,0,0.1,0.0,0.50014362059552708
191.39133522727275,0,0.15,4.814232267527281e-105,0.50013963113450721
191.59090909090907,0,0.4,3.3699625872690963e-105,0.50012666538665596
191.79048295454544,0,0.0,0.0,0.50013564167332492
191.9900568181818,0,0.0,0.0,0.50013863376906431
192.1896306818182,0,0.05,0.0,0.50014461796037102
192.38920454545456,0,0.0,8.091280172033099e-106,0.50015758370742014
192.58877840909093,0,0.325,0.0,0.50014960478636095
192.78835227272725,0,0.025,0.0,0.5001555889773841
192.98792613636363,0,0.225,0.0,0.50014860742129863
193.1875,0,0.05,1.9427163693051465e-106,0.50015060215171958
193.38707386363637,0,0.15,0.0,0.50015060215171958
193.58664772727275,0,0.075,9.519310209595218e-107,0.50016356789928795
193.78622159090907,0,0.25,0.0,0.50015359424741834
193.98579545454544,0,0.05,0.0,0.50015159951700294
194.1853693181818,0,0.075,3.265123401891159e-107,0.50015060215171958
194.3849431818182,0,0.275,0.0,0.50013963113428428
194.58451704545456,0,0.0,1.5999104669266678e-107,0.5001525968813938
194.78409090909093,0,0.0,1.1199373268486674e-107,0.50015359424660089
194.98366477272725,0,0.025,0.0,0.50016157316785192
195.18323863636363,0,0.15,0.0,0.50015758370689989
195.3828125,0,0.05,0.0,0.50016157316785192
195.58238636363637,0,0.0,0.0,0.50016456526351827
195.78196022727275,0,0.0,0.0,0.50017453891527497
195.98153409090907,0,0.0,1.3175950656641882e-108,0.50017653364564318
196.18110795454544,0,0.55,0.0,0.50015758370689989
196.3806818181818,0,0.15,0.0,0.50016257053282742
196.5802556818182,0,0.075,0.0,0.50015957843715508
196.77982954545456,0,0.0,0.0,0.50015957843715508
196.97940340909093,0,0.025,2.2144820268618006e-109,0.50015957843715508
197.17897727272725,0,0.2,0.0,0.50015758370689989
197.37855113636363,0,0.025,0.0,0.50015858107210232
197.578125,0,0.125,0.0,0.50015359424615513
197.77769886363637,0,0.05,0.0,0.50015159951573973
197.97727272727275,0,0.125,0.0,0.50014661268975913
198.17684659090907,0,0.0,0.0,0.50016855472436739
198.37642045454544,0,0.125,1.823721171847847e-110,0.50016955208978142
198.5759943181818,0,0.125,0.0,0.50016755735954677
198.7755681818182,0,0.125,0.0,0.50016257053364477
198.97514204545456,0,0.075,0.0,0.50016057580317286
199.17471590909093,0,0.0,0.0,0.50016855472473898
199.37428977272725,0,0.275,3.0651281735246752e-111,0.50015858107269673
199.57386363636363,0,0.05,0.0,0.50016157316822352
199.7734375,0,0.025,1.5019128050270907e-111,0.50016257053342184
199.97301136363637,0,0.0,0.0,0.50016755735932383
200.17258522727275,0,0.05,0.0,0.50016556262893652
200.37215909090907,0,0.3,0.0,0.50015858107217659
200.57173295454544,0,0.025,0.0,0.5001625705329017
200.7713068181818,0,0.075,0.0,0.50016456526314668
200.9708806818182,0,0.025,0.0,0.50016655999361048
201.17045454545456,0,0.15,1.2368897771904247e-112,0.50016057580228113
201.37002840909093,0,0.075,0.0,0.50016855472384725
201.56960227272725,0,0.075,0.0,0.50016755735858076
201.76917613636363,0,0.0,0.0,0.50016855472377286
201.96875,0,0.15,0.0,0.50016257053245583
202.16832386363637,0,0.0,0.0,0.50016456526284947
202.36789772727275,0,0.1,0.0,0.5001725441846796
202.56747159090907,0,0.05,0.0,0.50017154681949161
202.76704545454544,0,0.275,0.0,0.50016356789795036
202.9666193181818,0,0.25,0.0,0.50015459161128706
203.1661931818182,0,0.0,0.0,0.50016057580265261
203.36576704545456,0,0.0,2.4457352345819368e-114,0.50016356789832195
203.56534090909093,0,0.0,0.0,0.50016655999398207
203.76491477272725,0,0.025,0.0,0.50016556262878775
203.96448863636363,0,0.2,0.0,0.50016356789854488
204.1640625,2,0.075,2.0,0.50016057580287554
204.36363636363637,0,0.075,0.0,0.50016157316800058
204.56321022727275,0,0.05,0.0,0.50016157316800058
204.76278409090907,0,0.0,0.0,0.50017254418519974
204.96235795454544,0,0.075,0.0,0.50017952574126157
205.1619318181818,0,0.1,0.0,0.50017553628053402
205.3615056818182,0,0.025,0.0,0.50017453891534935
205.56107954545456,0,0.0,0.0,0.50017453891534935
205.76065340909093,0,0.175,0.0,0.50016855472444166
205.96022727272725,0,0.1,0.0,0.50017254418519974
206.15980113636363,0,0.0,0.0,0.50017553628083122
206.359375,0,0.1,0.0,0.50017453891572083
206.55894886363637,0,0.1,0.0,0.5001725441853484
206.75852272727275,0,0.275,0.0,0.50016157316814924
206.95809659090907,0,0.025,0.005813340624419996,0.50016356789861915
207.15767045454544,0,0.0,0.0,0.50016755735939822
207.3572443181818,0,0.05,0.0,0.50016655999420501
207.5568181818182,1,0.025,1.0,0.50016556262901068
207.75639204545456,0,0.0,0.0,0.50017254418512547
207.95596590909093,0,0.025,0.0,0.50017553628068256
208.15553977272725,0,0.125,0.0,0.50017054945482287
208.35511363636363,0,0.025,0.0,0.50017354155038651
208.5546875,0,0.025,0.0,0.5001765336459405
208.75426136363637,0,0.05,0.0,0.50018550993261623
208.95383522727275,0,0.0,0.0,0.50018650729778857
209.15340909090907,0,0.075,0.0,0.50018351520219406
209.35298295454544,0,0.0,0.0,0.50018550993254207
209.5525568181818,0,0.025,0.0,0.50018550993254207
209.7521306818182,0,0.075,0.0,0.50018251783694412
209.95170454545456,0,0.05,0.005959579421192679,0.50018152047176723
210.15127840909093,0,0.65,0.0,0.50016057580406448
210.35085227272725,0,0.025,0.0,0.50016057580406448
210.55042613636363,0,0.05,0.0,0.50015957843886416
210.75,0,0.025,0.0,0.50016057580406448
210.94957386363637,0,0.025,0.0,0.50015957843886416
211.14914772727275,0,0.025,0.0,0.50016157316933818
211.34872159090907,0,0.0,0.0,0.50016157316933818
211.54829545454544,0,0.0,0.0,0.5001625705345365
211.7478693181818,0,0.0,0.00024049052584809672,0.50016556263019973
211.9474431818182,0,0.1,0.0,0.5001635678998082
212.14701704545456,0,0.0,0.0,0.50018949939322388
212.34659090909093,0,0.025,0.0,0.50018949939322388
212.54616477272725,0,0.05,0.0,0.50018949939322388
212.74573863636363,0,0.1,0.0,0.5001865072977143
212.9453125,0,0.15,0.0,0.50018152047169284
213.14488636363637,0,0.1,0.0,0.50017852837615562
213.34446022727275,0,0.125,0.0,0.50017354155031224
213.54403409090907,0,0.125,0.0,0.50016855472444166
213.74360795454544,0,0.2,6.793262117108199e-06,0.50016057580287554
213.9431818181818,0,0.375,0.0,0.5001496047858407
214.1427556818182,0,0.0,0.0,0.5001496047858407
214.34232954545456,0,0.025,0.0,0.5001496047858407
214.54190340909093,0,0.125,0.0,0.50014661269027938
214.74147727272725,0,0.025,0.0,0.50014960478591508
214.94105113636363,0,0.025,0.0,0.5001545916121044
215.140625,0,0.1,0.0,0.5001545916121044
215.34019886363637,0,0.175,0.0,0.50015259688183966
215.53977272727275,0,0.1,0.0,0.50015359424697259
215.73934659090907,0,0.075,0.0,0.50015858107291966
215.93892045454544,0,0.05,0.0,0.50017154682023479
216.1384943181818,0,0.2,0.0,0.50016356789869354
216.3380681818182,0,0.025,6.581924439619745e-08,0.50016356789869354
216.53764204545456,0,0.05,0.0,0.50016655999420501
216.73721590909093,0,0.0,0.0,0.50016755735939822
216.93678977272725,0,0.0,0.0,0.50016855472459032
217.13636363636363,0,0.025,0.0,0.50017154682016041
217.3359375,0,0.075,0.0,0.50017553628060829
217.53551136363637,0,0.025,0.0,0.50017852837615562
217.73508522727275,0,0.15,0.0,0.50017553628053402
217.93465909090907,0,0.125,0.0,0.50017254418505108
218.13423295454544,0,0.125,0.0,0.50017553628068256
218.3338068181818,0,0.05,0.0,0.5001745389154979
218.5333806818182,800,1.0,800.0,0.50013663903832462
218.73295454545456,147,1.0,1.30146152148654e-09,0.50009674442941654
218.93252840909093,0,1.0,1.30146152148654e-09,0.50005684981954102
219.13210227272725,0,0.125,0.0,0.50005286035853058
219.33167613636363,0,0.275,0.0,0.5000448814363454
219.53125,0,0.25,0.0,0.50003590514901441
219.73082386363637,0,0.1,0.0,0.999
219.93039772727275,0,0.175,0.0,0.999
220.12997159090907,0,0.15,0.0,0.999
220.32954545454544,0,0.175,1.0718095257895893e-10,0.999
220.5291193181818,0,0.0,0.0,0.999
220.7286931818182,0,0.05,0.0,0.99443379183110314
220.92826704545456,0,0.1,0.0,0.81420971180574542
221.12784090909093,0,0.175,0.0,0.83766472706837958
221.32741477272725,0,0.125,0.0,0.76137702207148894
221.52698863636363,0,0.075,0.0,0.65205641769223743
221.7265625,0,0.15,0.0,0.6851919009281342
221.92613636363637,0,0.0,0.0,0.56450709002563304
222.12571022727275,0,0.075,0.0,0.51010143350726933
222.32528409090907,0,0.15,0.0,0.50812634162239001
222.52485795454544,0,0.0,0.0,0.50812634162239001
222.7244318181818,0,0.5,0.0,0.78876049828625194
222.9240056818182,0,0.175,0.0,0.82618879158803371
223.12357954545456,0,0.125,0.0,0.80173151247391927
223.32315340909093,0,0.025,5.088481650628907e-13,0.74698904503173724
223.52272727272725,0,0.025,0.0,0.71689966482133416
223.72230113636363,0,0.25,0.0,0.77530532036632582
223.921875,0,0.175,0.0,0.85910214013697228
224.12144886363637,0,0.0,0.0,0.82618878634521364
224.32102272727275,0,0.075,0.0,0.78876048844050795
224.52059659090907,0,0.225,0.0,0.88750719982395421
224.72017045454544,0,0.15,0.0,0.71689965560424085
224.9197443181818,0,0.35,0.0,0.81420970451639607
225.1193181818182,0,0.025,0.0,0.7613770189063529
225.31889204545456,0,0.05,0.0,0.77530531424473226
225.51846590909093,0,0.175,0.0,0.84863572349745242
225.71803977272725,0,0.05,0.0,0.74698903196691668
225.91761363636363,0,0.125,0.0,0.71689965445210413
226.1171875,0,0.025,0.0,0.73215718167677224
226.31676136363637,0,0.1,2.4157879628576996e-15,0.74698903305565167
226.51633522727275,0,0.175,1.6910515740003896e-15,0.71689965560424085
226.71590909090907,0,0.0,0.0,0.61771672514945175
226.91548295454544,0,0.275,0.0,0.56450708466401844
227.1150568181818,0,0.075,0.0,0.60017310187689832
227.3146306818182,0,0.05,0.0,0.60017310187689832
227.51420454545456,0,0.15,2.8421503804224535e-16,0.58242487257537934
227.71377840909093,0,0.025,0.0,0.56450709270644039
227.91335227272725,0,0.05,0.0,0.51010143893831938
228.11292613636363,0,0.15,0.0,0.60017311239811932
228.3125,0,0.075,6.824003063394309e-17,0.58242487789179931
228.51207386363637,0,0.225,0.0,0.61771674462893822
228.71164772727275,0,0.05,0.0,0.65205642901698491
228.91122159090907,0,0.075,0.0,0.51010144029608173
229.11079545454544,0,0.05,0.0,0.50812634298030623
229.3103693181818,0,0.025,0.0,0.52633716847888401
229.5099431818182,0,0.075,0.0,0.58049059119144863
229.70951704545456,0,0.1,0.0,0.52633716983412104
229.90909090909093,0,0.075,0.0,0.50812634298030623
230.10866477272725,0,0.1,0.0,0.54449311384229104
230.30823863636363,0,0.075,0.0,0.54449311384229104
230.5078125,0,0.025,0.0,0.68343108654502827
230.70738636363637,0,0.0,0.0,0.71522141006531137
230.90696022727275,0,0.025,0.0,0.74540278486602507
231.10653409090907,0,0.0,0.0,0.77381848706229461
231.30610795454544,0,0.125,0.0,0.71522141237611159
231.5056818181818,0,0.025,2.2678162001252735e-19,0.74540278705065144
231.7052556818182,0,0.525,0.0,0.54645585099508143
231.90482954545456,0,0.0,0.0,0.50812636742279582
232.10440340909093,0,0.05,0.0,0.54449313543816569
232.30397727272725,0,0.0,5.445026696500781e-20,0.5982589393628297
232.50355113636363,0,0.7,0.0,0.83766470867148457
232.703125,0,0.0,0.0,0.83766470867148457
232.90269886363637,0,0.0,0.0,0.82618876974294908
233.10227272727275,0,0.0,0.0,0.82618876974294908
233.30184659090907,0,0.025,0.0,0.77530529792048286
233.50142045454544,0,0.075,0.0,0.80173148877016809
233.7009943181818,0,0.05,0.0,0.50812635927529914
233.9005681818182,0,0.0,3.138949534501438e-21,0.50812635927529914
234.10014204545456,0,0.025,0.0,0.52633718474172886
234.29971590909093,0,0.125,0.0,0.56450707662159638
234.49928977272725,0,0.0,0.0,0.86801063198489337
234.69886363636363,0,0.175,0.0,0.78732551626805591
234.8984375,0,0.15,0.0,0.69951614816041219
235.09801136363637,0,0.075,0.0,0.65022435263555733
235.29758522727275,0,0.1,0.0,0.59825891566060196
235.49715909090907,0,0.05,0.0,0.61582638164823844
235.69673295454544,0,0.1,0.0,0.58049059252190771
235.8963068181818,0,0.025,0.0,0.56255659010541781
236.0958806818182,0,0.275,0.0,0.61771674203167337
236.29545454545456,0,0.05,0.0,0.56450709404684418
236.49502840909093,0,0.0,0.0,0.56450709404684418
236.69460227272725,0,0.025,0.0,0.54449310709358012
236.89417613636363,0,0.05,0.0,0.61582637774660665
237.09375,0,0.075,1.0431649194156757e-23,0.61582637774660665
237.29332386363637,0,0.05,0.0,0.65022435011410162
237.49289772727275,0,0.0,0.0,0.68343108896896054
237.69247159090907,0,0.0,0.0,0.74540278595833831
237.89204545454544,0,0.1,2.5046389715170368e-24,0.69951614460666844
238.0916193181818,0,0.2,0.0,0.74540278705065144
238.2911931818182,0,0.025,0.0,0.7598396835505199
238.49076704545456,0,0.125,8.590911672303433e-25,0.68343109139289271
238.69034090909093,0,0.0,0.0,0.69951614697583087
238.88991477272725,0,0.125,0.0,0.65022435389628519
239.08948863636363,0,0.075,0.0,0.65022435389628519
239.2890625,0,0.125,0.0,0.59825891829418287
239.48863636363637,0,0.175,0.0,0.52830813666377685
239.68821022727275,0,0.0,0.0,0.50867270932006559
239.88778409090907,0,0.075,0.0,0.50871082781443666
240.08735795454544,0,0.025,0.0,0.62812035815028744
240.2869318181818,0,0.025,0.0,0.62812035815028744
240.4865056818182,0,0.125,2.4267199137709174e-26,0.62812035815028744
240.68607954545456,0,0.425,0.0,0.6605404759212995
240.88565340909093,0,0.025,0.0,0.59469089335103487
241.08522727272725,0,0.075,0.0,0.59469089335103487
241.28480113636363,0,0.0,0.0,0.50867271708989104
241.484375,0,0.025,0.0,0.59472792499711613
241.68394886363637,0,0.0,0.0,0.59472792499711613
241.88352272727275,0,0.025,0.0,0.62812034955503737
242.08309659090907,0,0.0,0.0,0.64447886624173367
242.28267045454544,0,0.0,0.0,0.66057545922185801
242.4822443181818,0,0.1,0.0,0.6763842764003245
242.6818181818182,0,0.0,0.0,0.88462506933080953
242.88139204545456,0,0.2,0.0,0.81417498224044038
243.08096590909093,0,0.025,0.0,0.83659065110552044
243.28053977272725,0,0.075,0.0,0.80228445360724188
243.48011363636363,0,0.0,0.0,0.81417498224044038
243.6796875,0,0.275,0.0,0.660575460410739
243.87926136363637,0,0.025,0.0,0.660575460410739
244.07883522727275,0,0.05,0.0,0.62812035078293027
244.27840909090907,0,0.025,0.0,0.6115271837506524
244.47798295454544,0,0.0,0.0,0.67638427873335372
244.6775568181818,0,0.25,1.3554343711252873e-29,0.5087108226345638
244.8771306818182,0,0.0,0.0,0.64447886986986525
245.07670454545456,0,0.075,0.0,0.61152718499497916
245.27627840909093,0,0.05,0.0,0.62812035323871607
245.47585227272725,0,0.05,0.0,0.59472793003146962
245.67542613636363,0,0.075,0.0,0.72184937444774033
245.875,0,0.0,0.0,0.73628099978793649
246.07457386363637,0,0.1,0.0,0.70704301875930176
246.27414772727275,0,0.075,0.0,0.67638427989986827
246.47372159090907,0,0.025,0.0,0.66057546159961988
246.67329545454544,0,0.1,0.0,0.75032069315585781
246.8728693181818,0,0.0,0.0,0.75032069315585781
247.0724431818182,0,0.0,0.0,0.78994540438538086
247.27201704545456,0,0.125,0.0,0.75032069521795197
247.47159090909093,0,0.05,0.0,0.75032069521795197
247.67116477272725,0,0.075,0.0,0.75032069521795197
247.87073863636363,0,0.05,4.504505634725744e-32,0.72184937335831523
248.0703125,0,0.1,0.0,0.72184937335831523
248.26988636363637,0,0.075,0.0,0.72184937335831523
248.46946022727275,0,0.125,0.0,0.66057546278850077
248.66903409090907,0,0.0,1.0815318028976508e-32,0.72184937444774033
248.86860795454544,0,0.025,0.0,0.70704301875930176
249.0681818181818,0,0.225,0.0,0.56063095138272734
249.2677556818182,0,0.1,3.7096540839389417e-33,0.57775229230645064
249.46732954545456,0,0.725,0.0,0.83656708416666403
249.66690340909093,0,0.1,0.0,0.84708800219972935
249.86647727272725,0,0.1,0.0,0.86675432724268942
250.06605113636363,0,0.15,0.0,0.88460648345620885
250.265625,0,0.075,0.0,0.88460648345620885
250.46519886363637,0,0.2,0.0,0.90808698565049983
250.66477272727275,0,0.025,0.0,0.91506848075203751
250.86434659090907,0,0.25,0.0,0.96120481037622341
251.06392045454544,0,0.025,0.0,0.92164467604560629
251.2634943181818,0,0.025,0.0,0.90068927104351082
251.4630681818182,0,0.075,0.0,0.56059327242736934
251.66264204545456,0,0.175,0.0,0.6114905679154351
251.86221590909093,0,0.0,0.0,0.54335751732698423
252.06178977272725,0,0.075,0.0,0.50871082522450028
252.26136363636363,0,0.075,0.0,0.50871082522450028
252.4609375,0,0.05,0.0,0.61152718872795964
252.66051136363637,0,0.125,0.0,0.54339541283962611
252.86008522727275,0,0.225,0.0,0.56063095266301644
253.05965909090907,0,0.175,0.0,0.5433575070260257
253.25923295454544,0,0.025,0.0,0.5433575070260257
253.4588068181818,0,0.025,0.0,0.50867270284521093
253.6583806818182,0,0.1,0.0,0.54339541799005187
253.85795454545456,0,0.0,0.0,0.54339541799005187
254.05752840909093,0,0.05,0.0,0.56063095522359463
254.25710227272725,0,0.025,0.0,0.59472794135876483
254.45667613636363,0,0.075,0.0,0.57775229738884348
254.65625,0,0.125,0.0,0.57775229738884348
254.85582386363637,0,0.225,0.0,0.57775229738884348
255.05539772727275,0,0.05,0.0,0.66057546873290507
255.25497159090907,0,0.025,0.0,0.66057546873290507
255.45454545454544,0,0.05,0.0,0.64447887591675113
255.6541193181818,0,0.125,0.0,0.62812036060607324
255.8536931818182,0,0.1,2.867931242521898e-38,0.56063095266301644
256.05326704545456,0,0.025,0.0,0.57775229484764701
256.25284090909093,0,0.125,0.0,0.50871083169934139
256.45241477272725,0,0.2,0.0,0.5777148870405534
256.6519886363636,0,0.05,0.0,0.52603978609840563
256.8515625,0,0.05,0.0,0.59472793254864631
257.0511363636364,0,0.0,0.0,0.62812035569450175
257.25071022727275,0,0.025,0.0,0.62812035569450175
257.45028409090907,0,0.1,0.0,0.59472793254864631
257.64985795454544,0,0.075,0.0,0.62812035323871607
257.8494318181818,0,0.125,0.0,0.61152718748363277
258.0490056818182,0,0.125,0.0,0.54339541155201987
258.24857954545456,0,0.0,0.0,0.62812035446660885
258.44815340909093,0,0.0,0.0,0.75032069728004624
258.64772727272725,0,0.0,0.0,0.77716520962783497
258.8473011363636,0,0.3,0.0,0.62812034955503737
259.046875,0,0.05,0.0,0.59472792625570459
259.2464488636364,0,0.225,0.0,0.54335751603936433
259.44602272727275,0,0.025,0.0,0.50871082522450028
259.64559659090907,0,0.025,0.0,0.5389808917593979
259.84517045454544,0,0.1,0.0,0.55684197463467666
260.0447443181818,0,0.25,0.0,0.5328897363355628
260.2443181818182,0,0.025,0.0,0.55078171586966684
260.44389204545456,0,0.15,0.0,0.65477352304573078
260.64346590909093,0,0.025,0.0,0.67124047959002797
260.84303977272725,0,0.325,3.8460925926999955e-42,0.68738148901851148
261.0426136363636,0,0.075,0.0,0.70317089102738373
261.2421875,0,0.025,0.0,0.56857100699235275
261.4417613636364,0,0.275,0.0,0.73360201761008859
261.64133522727275,0,0.05,0.0,0.74820258852287513
261.84090909090907,0,0.025,6.4641278205508806e-43,0.70317089800359123
262.04048295454544,0,0.025,4.524889474385616e-43,0.55078171321031799
262.2400568181818,0,0.025,0.0,0.55078171321031799
262.4396306818182,0,0.025,0.0,0.53898089709597852
262.63920454545456,0,0.0,0.0,0.55684198126927265
262.83877840909093,0,0.0,0.0,0.76708344023951813
263.03835227272725,0,0.0,0.0,0.80636463260697866
263.2379261363636,0,0.05,5.323487217719931e-44,0.79374279595453912
263.4375,0,0.0,0.0,0.90584312896562591
263.6370738636364,0,0.1,0.0,0.8897844526531361
263.83664772727275,0,0.175,0.0,0.83015520955324706
264.03622159090907,0,0.1,1.2781692809745552e-44,0.79374279978736695
264.23579545454544,0,0.425,0.0,0.53898088775696251
264.4353693181818,0,0.0,6.26302947677532e-45,0.55684197198083818
264.6349431818182,0,0.025,4.384120633742724e-45,0.53898088775696251
264.83451704545456,0,0.3,0.0,0.67124048566539218
265.03409090909093,0,0.0,0.0,0.67124048566539218
265.23366477272725,0,0.15,0.0,0.73360203195651641
265.4332386363636,0,0.175,0.0,0.8262496488581792
265.6328125,0,0.225,0.0,0.87798065389450364
265.8323863636364,0,0.1,5.157874084391975e-46,0.84841269710719835
266.03196022727275,0,0.15,0.0,0.86861130742552828
266.23153409090907,0,0.225,0.0,0.77608734800879486
266.43110795454544,0,0.1,0.0,0.82624964196012196
266.6306818181818,0,0.025,1.238405567662513e-46,0.82624964196012196
266.8302556818182,0,0.15,0.0,0.74820258852287513
267.02982954545456,0,0.025,0.0,0.76236937775939606
267.22940340909093,0,0.125,0.0,0.74820258530726957
267.42897727272725,0,0.0,0.0,0.63800817659072928
267.6285511363636,0,0.075,0.0,0.53288973900754555
267.828125,0,0.2,0.0,0.60370101898837314
268.0276988636364,0,0.125,0.0,0.58622228317048553
268.22727272727275,0,0.075,0.0,0.52104080395662233
268.42684659090907,0,0.1,4.997413158406492e-48,0.52104080395662233
268.62642045454544,0,0.225,0.0,0.62097373223455454
268.8259943181818,0,0.2,0.0,0.65477351809232021
269.0255681818182,0,0.0,1.7141127133334266e-48,0.63800817910975693
269.22514204545456,0,0.125,0.0,0.63800817910975693
269.42471590909093,0,0.2,0.0,0.76236937983731778
269.62428977272725,0,0.1,0.0,0.77608734700377768
269.8238636363636,0,0.2,0.0,0.77608734700377768
270.0234375,0,0.05,0.0,0.73360201981723128
270.2230113636364,0,0.075,0.0,0.73360201981723128
270.42258522727275,0,0.175,0.0,0.77608734499374354
270.62215909090907,0,0.025,0.0,0.65477352056902549
270.82173295454544,0,0.175,0.0,0.63800817785024311
271.0213068181818,0,0.175,0.0,0.74820258637913817
271.2208806818182,0,0.3,0.0,0.83757711669993617
271.42045454545456,0,0.0,0.0,0.73360202092080284
271.62002840909093,0,0.05,0.0,0.70317090149169492
271.81960227272725,0,0.05,0.0,0.6037010151033706
272.0191761363636,0,0.3,0.0,0.76236938503212182
272.21875,0,0.2,0.0,0.82624964540915058
272.4183238636364,0,0.075,0.0,0.77608735604893198
272.61789772727275,0,0.1,0.0,0.81443200566119667
272.81747159090907,0,0.05,0.0,0.74820260245716486
273.01704545454544,0,0.05,0.0,0.67124049174075617
273.2166193181818,0,0.275,0.0,0.65477353171419894
273.4161931818182,0,0.275,6.701873966234722e-52,0.81443200925584169
273.61576704545456,0,0.0,0.0,0.78934373877841546
273.81534090909093,0,0.1,0.0,0.81443200925584169
274.01491477272725,0,0.45,0.0,0.87798065049386986
274.2144886363636,0,0.0,0.0,0.78934372519551843
274.4140625,0,0.025,0.0,0.76236937672043514
274.6136363636364,0,0.2,7.884687702535486e-53,0.81443199577592185
274.81321022727275,0,0.35,0.0,0.92443551604323826
275.01278409090907,0,0.25,3.863496974242387e-53,0.96378137986604284
275.21235795454544,0,0.125,0.0,0.93646472946312298
275.4119318181818,0,0.275,0.0,0.93646472946312298
275.6115056818182,0,0.35,0.0,0.98450360859955544
275.81107954545456,0,0.025,0.0,0.978404768838817
276.01065340909093,0,0.2,0.0,0.94189207274874254
276.21022727272725,0,0.375,0.0,0.98769169805683532
276.4098011363636,0,0.025,0.0,0.98769169805683532
276.609375,0,0.075,0.0,0.97840477022777705
276.8089488636364,0,0.05,0.0,0.9306508400965573
277.00852272727275,0,0.25,0.0,0.9306508400965573
277.20809659090907,0,0.225,0.0,0.95164913501563986
277.40767045454544,0,0.075,0.0,0.90324290163548504
277.6072443181818,0,0.05,0.0,0.77608734499374354
277.8068181818182,0,0.025,0.0,0.77608734499374354
278.00639204545456,0,0.1,0.0,0.71858495328184402
278.20596590909093,0,0.175,0.0,0.58622227793401671
278.40553977272725,0,0.075,0.0,0.62097372712081988
278.6051136363636,0,0.05,0.0,0.60370100992336728
278.8046875,0,0.475,0.0,0.84841268448345464
279.0042613636364,0,0.05,0.0,0.74820258209166424
279.20383522727275,0,0.125,0.0,0.68738149496755196
279.40340909090907,0,0.0,0.0,0.63800817281218769
279.60298295454544,0,0.1,0.0,0.65347981229443752
279.8025568181818,0,0.125,7.401735077604481e-57,0.71801062298749097
280.0021306818182,0,0.3,0.0,0.82673996788910276
280.20170454545456,0,0.025,0.0,0.74794806270356307
280.40127840909093,0,0.2,0.0,0.81482242679647365
280.60085227272725,0,0.075,0.0,0.82673997049708747
280.8004261363636,0,0.25,0.0,0.70242555693011322
281.0,0,0.15,0.0,0.76226239134590634
