seconds,b0,anomalyScore,predicted,anomalyLikelihood
0.19957386363636365,2462,1.0,2462.0,0.5
0.3991477272727273,361,1.0,361.0,0.5
0.5987215909090908,2205,1.0,2205.0,0.5
0.7982954545454546,1876,1.0,1876.0,0.5
0.9978693181818181,148,1.0,148.0,0.5
1.1974431818181817,169,1.0,169.0,0.5
1.3970170454545454,1638,1.0,1638.0,0.5
1.5965909090909092,177,1.0,177.0,0.5
1.796164772727273,87,1.0,87.0,0.5
1.9957386363636362,80,1.0,80.0,0.5
2.1953125,99,1.0,99.0,0.5
2.3948863636363633,54,1.0,54.0,0.5
2.5944602272727275,55,1.0,55.0,0.5
2.794034090909091,1573,1.0,1573.0,0.5
2.993607954545454,4745,1.0,4745.0,0.5
3.1931818181818183,418,1.0,418.0,0.5
3.3927556818181817,619,1.0,619.0,0.5
3.592329545454546,266,1.0,266.0,0.5
3.791903409090909,851,1.0,851.0,0.5
3.9914772727272725,256,1.0,256.0,0.5
4.191051136363637,2975,1.0,2975.0,0.5
4.390625,3714,1.0,3714.0,0.5
4.590198863636363,3048,1.0,3048.0,0.5
4.789772727272727,3487,1.0,3487.0,0.5
4.989346590909092,2577,1.0,2577.0,0.5
5.188920454545455,3099,1.0,3099.0,0.5
5.388494318181818,3019,1.0,3019.0,0.5
5.588068181818182,1973,1.0,1973.0,0.5
5.787642045454545,4293,1.0,4293.0,0.5
5.987215909090908,2944,1.0,2944.0,0.5
6.186789772727273,1887,1.0,1887.0,0.5
6.386363636363637,3022,1.0,3022.0,0.5
6.5859375,2105,1.0,2105.0,0.5
6.785511363636363,3709,1.0,3709.0,0.5
6.985085227272727,2846,1.0,2846.0,0.5
7.184659090909092,2095,1.0,2095.0,0.5
7.384232954545455,4261,1.0,4261.0,0.5
7.583806818181818,3317,1.0,3317.0,0.5
7.783380681818182,1782,1.0,1782.0,0.5
7.982954545454545,966,1.0,966.0,0.5
8.182528409090908,993,1.0,993.0,0.5
8.382102272727273,4009,1.0,4009.0,0.5
8.581676136363637,4020,1.0,4020.0,0.5
8.78125,2433,1.0,2433.0,0.5
8.980823863636363,4208,1.0,4208.0,0.5
9.180397727272727,3344,1.0,3344.0,0.5
9.37997159090909,4157,1.0,4157.0,0.5
9.579545454545453,3611,1.0,3611.0,0.5
9.779119318181817,2807,1.0,2807.0,0.5
9.978693181818183,4597,1.0,4597.0,0.5
10.178267045454547,6892,1.0,6892.0,0.5
10.37784090909091,4254,1.0,4254.0,0.5
10.577414772727273,3966,1.0,3966.0,0.5
10.776988636363637,3969,1.0,3969.0,0.5
10.9765625,10369,1.0,10369.0,0.5
11.176136363636363,3448,1.0,3448.0,0.5
11.375710227272727,2009,1.0,2009.0,0.5
11.57528409090909,3425,1.0,3425.0,0.5
11.774857954545453,2324,1.0,2324.0,0.5
11.974431818181817,1784,1.0,1784.0,0.5
12.174005681818183,1102,0.875,1102.0,0.5
12.373579545454547,870,1.0,870.0,0.5
12.57315340909091,3395,1.0,3395.0,0.5
12.772727272727273,2430,1.0,2430.0,0.5
12.972301136363637,3152,1.0,3152.0,0.5
13.171875,2846,1.0,2846.0,0.5
13.371448863636363,1860,1.0,1860.0,0.5
13.571022727272727,4344,1.0,4344.0,0.5
13.77059659090909,3014,1.0,3014.0,0.5
13.970170454545453,2024,1.0,2024.0,0.5
14.169744318181817,3082,0.975,3082.0,0.5
14.369318181818183,2454,1.0,4208.0,0.5
14.568892045454547,4178,0.5,4178.0,0.5
14.76846590909091,3190,0.825,3190.0,0.5
14.968039772727273,2247,1.0,2247.0,0.5
15.167613636363637,3697,1.0,3697.0,0.5
15.3671875,2820,1.0,2820.0,0.5
15.566761363636363,3813,0.975,3813.0,0.5
15.766335227272727,3741,1.0,3741.0,0.5
15.96590909090909,2668,1.0,2668.0,0.5
16.165482954545453,1524,1.0,1524.0,0.5
16.365056818181817,800,1.0,800.0,0.5
16.564630681818183,1555,1.0,1555.0,0.5
16.764204545454547,3441,1.0,2324.0,0.5
16.96377840909091,2377,0.725,2377.0,0.5
17.163352272727273,3792,1.0,3792.0,0.5
17.362926136363637,2819,0.975,4597.0,0.5
17.5625,2185,1.0,2185.0,0.5
17.762073863636367,3947,0.95,3947.0,0.5
17.961647727272727,3023,1.0,3023.0,0.5
18.161221590909093,3165,1.0,3165.0,0.5
18.360795454545453,3350,1.0,3350.0,0.5
18.56036931818182,2458,1.0,2458.0,0.5
18.75994318181818,4325,0.85,4325.0,0.5
18.959517045454547,2885,0.825,2102.0,0.5
19.159090909090907,2417,0.975,2417.0,0.5
19.358664772727273,3384,0.95,3384.0,0.5
19.558238636363633,2745,0.975,2745.0,0.5
19.7578125,4217,1.0,3966.8999999999996,0.5
19.957386363636367,3491,0.8,3491.0,0.5
20.156960227272727,2169,0.975,3947.0,0.5
20.356534090909093,1261,0.95,1261.0,0.5
20.556107954545453,848,0.975,848.0,0.5
20.75568181818182,2407,1.0,2407.0,0.5
20.95525568181818,3505,1.0,3505.0,0.5
21.154829545454547,2676,0.925,2676.0,0.5
21.354403409090907,4088,1.0,4088.0,0.5
21.553977272727273,2926,1.0,2926.0,0.5
21.753551136363633,2794,1.0,3806.7,0.5
21.953125,3704,0.725,3704.0,0.5
22.152698863636367,2253,0.975,2253.0,0.5
22.352272727272727,4007,1.0,4007.0,0.5
22.551846590909093,2863,1.0,2863.0,0.5
22.751420454545453,1808,0.6,1102.0,0.5
22.95099431818182,3590,0.975,3590.0,0.5
23.15056818181818,2509,1.0,2509.0,0.5
23.350142045454547,3576,0.875,3576.0,0.5
23.549715909090907,3053,1.0,3053.0,0.5
23.749289772727273,2021,0.95,2021.0,0.5
23.948863636363633,3852,0.925,3852.0,0.5
24.1484375,2428,1.0,2428.0,0.5
24.348011363636367,1700,1.0,1700.0,0.5
24.547585227272727,834,0.975,3391.7,0.5
24.747159090909093,719,1.0,719.0,0.5
24.946732954545453,4194,1.0,4194.0,0.5
25.14630681818182,3301,0.35,3301.0,0.5
25.34588068181818,2180,0.975,2180.0,0.5
25.545454545454547,3503,0.975,3503.0,0.5
25.745028409090907,2786,0.975,2786.0,0.5
25.944602272727273,4123,0.875,4123.0,0.5
26.144176136363633,3631,0.6,3631.0,0.5
26.34375,2550,0.825,2550.0,0.5
26.543323863636367,3850,1.0,2801.0716999999995,0.5
26.742897727272727,3068,0.975,2437.1716309999997,0.5
26.942471590909093,2492,0.375,4197.5,0.5
27.142045454545453,3980,0.825,2859.2899999999995,0.5
27.34161931818182,2946,0.75,2946.0,0.5
27.54119318181818,4755,1.0,4755.0,0.5
27.740767045454547,3385,0.95,2745.0,0.5
27.940340909090907,2389,0.675,2389.0,0.5
28.139914772727273,3822,0.425,3065.2958999999996,0.5
28.339488636363633,2778,0.525,2778.0,0.5
28.5390625,1908,1.0,1908.0,0.5
28.738636363636367,1684,0.975,1684.0,0.5
28.938210227272727,1066,0.675,1066.0,0.5
29.137784090909093,752,0.9,752.0,0.5
29.337357954545453,610,0.925,610.0,0.5
29.53693181818182,631,1.0,631.0,0.5
29.73650568181818,322,1.0,322.0,0.5
29.936079545454547,398,1.0,2217.6,0.5
30.135653409090907,3082,0.95,2503.9,0.5
30.335227272727273,2852,0.55,1871.1999999999998,0.5
30.534801136363633,1768,0.325,848.0629999999999,0.5
30.734375,3057,1.0,2857.1029999999996,0.5
30.933948863636367,1941,0.5,1941.0,0.5
31.133522727272727,4449,0.7,4449.0,0.5
31.333096590909093,2904,1.0,2904.0,0.5
31.532670454545453,2264,1.0,2264.0,0.5
31.73224431818182,3406,0.975,2437.1716309999997,0.5
31.93181818181818,2499,0.475,2499.0,0.5
32.13139204545455,3636,0.5,3636.0,0.5
32.33096590909091,3072,0.95,3072.0,0.5
32.53053977272727,2190,0.625,3706.6949999999997,0.5
32.73011363636363,3797,0.65,3068.0204936999994,0.5
32.9296875,2552,0.825,2552.0,0.5
33.12926136363637,2131,1.0,2131.0,0.5
33.32883522727273,3233,1.0,3233.0,0.5
33.52840909090909,2545,1.0,3851.3999999999996,0.5
33.72798295454545,1705,0.95,3068.0204936999994,0.5
33.92755681818182,1060,0.075,848.0629999999999,0.5
34.12713068181818,2632,1.0,4088.0,0.5
34.32670454545455,6320,1.0,6320.0,0.5
34.52627840909091,5959,1.0,5959.0,0.5
34.72585227272727,5803,1.0,5803.0,0.5
34.92542613636363,4870,1.0,4870.0,0.5
35.125,4577,1.0,4577.0,0.5
35.32457386363636,5723,0.975,5723.0,0.5
35.524147727272734,4414,1.0,2919.3999999999996,0.5
35.72372159090909,3689,0.975,3068.0204936999994,0.5
35.92329545454545,3523,0.95,2801.0716999999995,0.5
36.12286931818181,2533,0.475,2110.7,0.5
36.32244318181819,3966,0.325,3966.0,0.5
36.52201704545455,3117,0.6,2183.098,0.5
36.72159090909091,2669,0.45,2669.0,0.5
36.921164772727266,4051,0.5,2857.1029999999996,0.5
37.12073863636364,2971,0.3,4748.0,0.5
37.3203125,3247,0.875,3247.0,0.5
37.51988636363636,3213,0.975,3213.0,0.5
37.719460227272734,1813,1.0,3068.0204936999994,0.5
37.91903409090909,1567,0.8,3441.0699999999997,0.5
38.11860795454545,812,0.15,1533.3,0.5
38.31818181818181,2124,1.0,3807.0029999999992,0.5
38.51775568181819,3342,0.525,2544.144,0.5
38.71732954545455,2151,0.9,3807.0029999999992,0.5
38.91690340909091,3120,0.8,2661.9159999999997,0.5
39.116477272727266,2505,0.25,2505.0,0.5
39.31605113636364,1359,0.85,1359.0,0.5
39.515625,3308,0.975,2503.201,0.5
39.71519886363636,1947,0.575,1947.0,0.5
39.914772727272734,2333,1.0,3807.0029999999992,0.5
40.11434659090909,3121,1.0,2503.201,0.5
40.31392045454545,2157,0.4,3504.217599999999,0.5
40.51349431818181,3934,0.15,3130.835,0.5
40.71306818181819,2842,0.525,1893.2999999999997,0.5
40.91264204545455,2305,0.625,3394.5829999999996,0.5
41.11221590909091,3218,0.5,2168.52802,0.5
41.311789772727266,2347,0.7,3226.3579999999997,0.5
41.51136363636364,3324,0.575,3324.0,0.5
41.7109375,3141,0.975,2168.52802,0.5
41.91051136363636,2121,0.325,3331.979299999999,0.5
42.110085227272734,1115,0.975,1115.0,0.5
42.30965909090909,1062,0.775,2661.9159999999997,0.5
42.50923295454545,2412,0.825,3969.3809999999994,0.5
42.70880681818181,2949,0.675,2949.0,0.5
42.90838068181819,1906,0.775,1906.0,0.5
43.10795454545455,3872,0.925,2958.9071,0.5
43.30752840909091,2433,0.275,2433.0,0.5
43.507102272727266,1441,0.3,3303.1,0.5
43.70667613636364,3701,0.95,3504.217599999999,0.5
43.90625,2152,0.725,3943.0999999999995,0.5
44.10582386363636,3596,0.375,3068.0204936999994,0.5
44.305397727272734,2706,0.625,6320.0,0.5
44.50497159090909,1653,0.675,1063.5399999999997,0.5
44.70454545454545,3865,1.0,2852.5720999999994,0.5
44.90411931818181,2509,0.25,3969.3809999999994,0.5
45.10369318181819,3149,0.625,2116.5829999999996,0.5
45.30326704545455,3512,0.95,2544.144,0.5
45.50284090909091,4444,1.0,4444.0,0.5
45.702414772727266,7009,1.0,7009.0,0.5
45.90198863636364,5390,0.975,5390.0,0.5
46.1015625,4706,1.0,3394.5829999999996,0.5
46.30113636363636,4177,0.9,4177.0,0.5
46.500710227272734,2639,0.975,1642.5,0.5
46.70028409090909,4039,0.175,2958.9071,0.5
46.89985795454545,4092,0.85,2958.9071,0.5
47.09943181818181,2250,0.975,3602.0899999999992,0.5
47.29900568181819,3371,0.35,2504.9406999999997,0.5
47.49857954545455,2789,0.55,4146.799999999999,0.5
47.69815340909091,3999,0.4,4089.2,0.5
47.897727272727266,4526,0.9,4526.0,0.5
48.09730113636364,3861,1.0,2504.9406999999997,0.5
48.296875,5089,0.95,5089.0,0.5
48.49644886363636,4086,0.975,2430.6340991899997,0.5
48.696022727272734,2545,0.675,3978.266699999999,0.5
48.89559659090909,3403,0.325,3403.0,0.5
49.09517045454545,2506,0.15,3392.155669999999,0.5
49.29474431818181,4407,0.55,7009.0,0.5
49.49431818181819,4262,0.95,3506.552319999999,0.5
49.69389204545455,1962,0.975,4447.5,0.5
49.89346590909091,3508,0.775,2505.2584899999997,0.5
50.093039772727266,2200,0.55,3392.155669999999,0.5
50.29261363636364,1192,0.775,848.0629999999999,0.5
50.4921875,825,0.3,728.9,0.5
50.69176136363636,618,0.3,618.0,0.5
50.891335227272734,3211,1.0,1959.536,0.5
51.09090909090909,2702,0.65,2702.0,0.5
51.29048295454545,2587,1.0,2587.0,0.5
51.49005681818181,3156,0.875,2015.7499999999998,0.5
51.68963068181819,2140,0.3,3221.7505999999994,0.5
51.88920454545455,10987,1.0,10987.0,0.5
52.08877840909091,3334,1.0,3138.4191499999997,0.5
52.288352272727266,2279,0.4,4027.6578999999992,0.5
52.48792613636364,4833,1.0,4833.0,0.5
52.6875,2753,1.0,2580.0,0.5
52.88707386363636,4134,0.225,4134.0,0.5
53.086647727272734,3575,0.525,2219.124,0.5
53.28622159090909,1974,0.75,1974.0,0.5
53.48579545454545,3109,0.85,3109.0,0.5
53.68536931818181,2584,0.15,4027.6578999999992,0.5
53.88494318181819,2693,1.0,2693.0,0.5
54.08451704545455,9087,0.95,9087.0,0.5
54.28409090909091,2052,1.0,3860.1641999999993,0.5
54.483664772727266,1599,0.8,3860.1641999999993,0.5
54.68323863636364,1019,0.325,1019.0,0.5
54.8828125,3034,1.0,2273.3369999999995,0.5
55.08238636363636,9038,0.975,9038.0,0.5
55.281960227272734,9653,1.0,9653.0,0.5
55.48153409090909,9921,1.0,9921.0,0.5
55.68110795454545,8569,1.0,8569.0,0.5
55.88068181818181,11055,1.0,11055.0,0.5
56.08025568181819,9215,1.0,9215.0,0.5
56.27982954545455,5112,1.0,4577.0,0.5
56.47940340909091,7377,0.975,7377.0,0.5
56.678977272727266,7271,1.0,7271.0,0.5
56.87855113636364,3007,1.0,3007.0,0.5
57.078125,4320,0.95,3701.2705499999993,0.5
57.27769886363636,3145,0.625,3145.0,0.5
57.477272727272734,3039,0.625,9072.3,0.5
57.67684659090909,2978,0.6,9072.3,0.5
57.87642045454545,2491,0.85,4411.9,0.5
58.07599431818181,4397,0.025,3134.2153834999995,0.5
58.27556818181819,3117,0.1,3506.986623999999,0.5
58.47514204545455,2804,0.175,3978.266699999999,0.5
58.67471590909091,2757,0.95,9072.3,0.5
58.874289772727266,2608,0.4,3174.55,0.5
59.07386363636364,3778,0.625,2799.4151329999995,0.5
59.2734375,2910,0.725,2589.24,0.5
59.47301136363636,2507,0.125,4407.429999999999,0.5
59.672585227272734,2363,0.975,4407.429999999999,0.5
59.87215909090909,1952,0.9,3506.986623999999,0.5
60.07173295454545,3675,0.525,2916.58,0.5
60.27130681818181,3171,0.55,2123.6080999999995,0.5
60.47088068181819,3012,0.4,2799.4151329999995,0.5
60.67045454545455,3641,0.875,3173.4849999999997,0.5
60.87002840909091,3298,0.3,2163.569614,0.5
61.069602272727266,2900,0.55,2900.0,0.5
61.26917613636364,4061,0.6,3575.7,0.5
61.46875,3325,0.525,2273.3369999999995,0.5
61.66832386363636,5030,0.975,5030.0,0.5
61.867897727272734,4477,0.55,4477.0,0.5
62.06747159090909,6164,0.95,6164.0,0.5
62.26704545454545,7791,0.975,7791.0,0.5
62.46661931818181,7619,1.0,7619.0,0.5
62.66619318181819,7022,1.0,7022.0,0.5
62.86576704545455,2029,1.0,3643.9749999999995,0.5
63.06534090909091,1835,0.65,3129.0507684499994,0.5
63.264914772727266,2867,0.975,4080.0679999999993,0.5
63.46448863636364,2029,0.175,2029.0,0.5
63.6640625,1492,0.275,1000.8,0.5
63.86363636363636,845,0.125,845.0,0.5
64.06321022727273,509,0.3,3221.7505999999994,0.5
64.2627840909091,2738,0.975,2738.0,0.5
64.46235795454545,2236,0.475,2236.0,0.5
64.66193181818181,2100,0.975,10987.0,0.5
64.86150568181819,2572,1.0,3129.0507684499994,0.5
65.06107954545455,2435,0.55,2435.0,0.5
65.2606534090909,3392,0.225,2799.4151329999995,0.5
65.46022727272727,2665,0.3,2665.0,0.5
65.65980113636364,2221,0.625,2221.0,0.5
65.859375,2619,0.5,2431.9438694329997,0.5
66.05894886363636,2110,0.45,3129.0507684499994,0.5
66.25852272727273,2122,0.65,3129.0507684499994,0.5
66.4580965909091,3191,0.225,3191.0,0.5
66.65767045454545,2941,0.1,4080.0679999999993,0.5
66.85724431818181,3728,0.625,2431.9438694329997,0.5
67.05681818181819,2595,0.2,3392.108968999999,0.5
67.25639204545455,1888,0.55,2856.9004699999996,0.5
67.4559659090909,3509,0.4,2920.4241999999995,0.5
67.65553977272727,2507,0.1,3392.108968999999,0.5
67.85511363636364,1552,0.125,842.3008699999999,0.5
68.0546875,958,0.15,958.0,0.5
68.25426136363636,672,0.45,3221.7505999999994,0.5
68.45383522727273,2442,0.975,2442.0,0.5
68.6534090909091,2019,0.15,2594.683319999999,0.5
68.85298295454545,1993,0.225,2594.683319999999,0.5
69.05255681818181,2738,0.5,2223.2307599999995,0.5
69.25213068181819,2112,0.15,2594.683319999999,0.5
69.45170454545455,3561,0.175,2658.02884,0.5
69.6512784090909,2271,0.175,3129.0507684499994,0.5
69.85085227272727,1888,0.6,1888.0,0.5
70.05042613636364,1907,0.3,3860.1641999999993,0.5
70.25,1705,0.1,963.5999999999999,0.5
70.44957386363637,3017,0.55,3643.9749999999995,0.5
70.64914772727272,3409,0.325,2920.4241999999995,0.5
70.8487215909091,2677,0.0,2594.683319999999,0.5
71.04829545454547,3603,0.75,2693.9819999999995,0.5
71.24786931818181,2703,0.075,3602.3629999999994,0.5
71.44744318181819,2310,0.325,3129.0507684499994,0.5
71.64701704545453,9696,1.0,9696.0,0.5
71.8465909090909,2548,1.0,2379.7299999999996,0.5
72.04616477272728,1518,0.075,3019.8149793699995,0.5
72.24573863636363,1035,0.2,1035.0,0.5
72.4453125,538,0.45,2746.3941899999995,0.5
72.64488636363637,2397,0.875,2115.35830481,0.5
72.84446022727272,2029,0.05,2746.3941899999995,0.5
73.0440340909091,1990,0.0,2746.3941899999995,0.5
73.24360795454547,1413,0.2,1054.9779999999996,0.5
73.44318181818181,1334,0.6,1054.9779999999996,0.5
73.64275568181819,3466,0.475,2696.6873999999993,0.5
73.84232954545453,2968,0.425,3397.176278299999,0.5
74.0419034090909,2805,0.35,2504.05066207,0.5
74.24147727272728,2397,0.15,2115.35830481,0.5
74.44105113636363,2210,0.45,2115.35830481,0.5
74.640625,3874,0.075,5095.9,0.5
74.84019886363637,3123,0.175,3019.8149793699995,0.5
75.03977272727272,2561,0.025,2009.4201507499995,0.5
75.2393465909091,3064,0.475,2920.4241999999995,0.5
75.43892045454547,2690,0.1,2325.953,0.5
75.63849431818181,3346,0.675,2504.05066207,0.5
75.83806818181819,3096,0.175,3096.0,0.5
76.03764204545453,2393,0.075,2219.2615319999995,0.5
76.2372159090909,1864,0.275,1896.8247299999998,0.5
76.43678977272728,921,0.575,2434.9607086030996,0.5
76.63636363636363,1017,0.55,619.8969999999999,0.5
76.8359375,3627,1.0,2694.6811799999996,0.5
77.03551136363637,3016,0.25,3016.0,0.5
77.23508522727272,3580,0.075,3018.6704855589996,0.5
77.4346590909091,2299,0.025,4833.0,0.5
77.63423295454547,2264,0.675,2264.0,0.75404839198555851
77.83380681818181,4052,0.375,3335.016899899999,0.71368102227649555
78.03338068181819,3639,0.4,2504.05066207,0.6421121311529292
78.23295454545453,4044,1.0,4044.0,0.53274769841113723
78.4325284090909,3231,0.125,2694.6811799999996,0.57723626981226506
78.63210227272728,3118,0.125,3118.0,0.67596528592981509
78.83167613636363,4666,0.95,4191.35,0.68695032953343127
79.03125,3047,0.975,3600.827869999999,0.51632632568707681
79.23082386363637,2192,0.1,4037.6723709999997,0.5101903461893017
79.43039772727272,2318,0.25,4037.6723709999997,0.54496778019203385
79.6299715909091,2126,0.175,3178.7394999999997,0.57723627385167831
79.82954545454547,3715,0.1,4037.6723709999997,0.64211213329335259
80.02911931818181,4712,0.95,4191.35,0.50120915975265301
80.22869318181819,4432,0.575,6164.0,0.60710206149390755
80.42826704545453,2996,0.125,2996.0,0.60710206149390755
80.6278409090909,1670,0.775,1054.9779999999996,0.55903213881666503
80.82741477272728,964,0.025,619.8969999999999,0.67349651031879765
81.02698863636363,708,0.025,2434.9607086030996,0.85630356718465839
81.2265625,618,0.1,2434.9607086030996,0.85630356718465839
81.42613636363637,341,0.05,341.0,0.88360021970396196
81.62571022727272,274,0.375,3075.570041913,0.85630356663897644
81.8252840909091,2402,0.9,2118.550813367,0.7076659115292212
82.02485795454547,2583,0.675,2118.550813367,0.76558793684672011
82.22443181818181,1627,0.175,963.7199999999998,0.83720450373241628
82.42400568181819,3151,0.275,3151.0,0.81220295112777652
82.62357954545453,1772,0.6,3132.4254135783494,0.84115069739524939
82.8231534090909,2333,0.95,2591.178323999999,0.6558244657065283
83.02272727272728,3447,0.3,2965.644479,0.58834078072338569
83.22230113636363,2269,0.025,2326.39697,0.60710205454801391
83.421875,4895,0.35,7377.0,0.53100404787147037
83.62144886363637,2774,0.4,2393.513473,0.52457086939834563
83.82102272727272,1826,0.2,1826.0,0.69646093604683834
84.0205965909091,3994,0.625,3642.482499999999,0.70766588959717791
84.22017045454547,2740,0.325,2118.550813367,0.67349649989574689
84.41974431818181,4136,0.05,3642.482499999999,0.72410288056930461
84.61931818181819,3498,0.0,2504.05066207,0.83720449928686524
84.81889204545453,1588,0.775,2326.39697,0.86350181652480551
85.0184659090909,4590,1.0,3132.4254135783494,0.74007240775224337
85.21803977272728,2517,0.975,2009.4201507499995,0.51168696332624819
85.41761363636363,910,0.8,682.8,0.60321235129883499
85.6171875,833,0.1,682.8,0.5269841440863634
85.81676136363637,553,0.025,2393.513473,0.5181312837281975
86.01633522727272,4491,0.925,3132.4254135783494,0.5590321516473471
86.2159090909091,3275,0.65,2920.4241999999995,0.64007552372779131
86.41548295454547,2051,0.125,2009.4201507499995,0.65805315918814988
86.61505681818181,4015,0.25,3132.4254135783494,0.71525593760273831
86.81463068181819,2870,0.025,1896.8247299999998,0.53341449034211119
87.01420454545453,3835,0.225,2860.8303289999994,0.66175543062436448
87.2137784090909,3387,0.35,3387.0,0.79428607396041984
87.41335227272728,2689,0.0,3815.4020999999993,0.90965982255959688
87.61292613636363,4371,0.625,3132.4254135783494,0.84115070381176171
87.8125,2995,0.025,2801.0905930999998,0.84115070381176171
88.01207386363637,2692,0.075,1637.85,0.93928606134939141
88.21164772727272,3782,0.1,2750.2731530999995,0.9715734019401574
88.4112215909091,2953,0.025,2801.0905930999998,0.9755290640528822
88.61079545454547,4848,0.85,4449.045,0.94307675204369645
88.81036931818181,3251,0.55,3132.4254135783494,0.8928214179137608
89.00994318181819,2111,0.025,4030.8706596999996,0.91481144641669276
89.20951704545453,3891,0.0,3891.0,0.94490090184408082
89.4090909090909,2907,0.15,2507.9354634489996,0.93323332841543671
89.60866477272728,1624,0.35,4594.9,0.9533389315761307
89.80823863636363,1557,0.775,4594.9,0.88360021168704184
90.0078125,1175,0.125,1175.0,0.87714819343432349
90.20738636363637,4580,1.0,3293.5989999999997,0.71867459908470299
90.40696022727272,2739,0.525,1805.7377999999997,0.60087358047241235
90.6065340909091,3222,0.375,2692.6837782,0.71319529199659581
90.80610795454547,3280,0.2,2692.6837782,0.7849596476494749
91.00568181818181,2262,0.0,4877.5,0.78965321199915184
91.20525568181819,5043,0.35,4449.045,0.71867461290065471
91.40482954545453,2833,0.25,3229.3274557999994,0.6964609583582213
91.6044034090909,1812,0.0,1812.0,0.77051943957427904
91.80397727272728,3244,0.425,2550.1363919999994,0.8331950907894532
92.00355113636363,2663,0.05,1633.695,0.84503367871522339
92.203125,4127,0.125,3504.7134457599996,0.94307675438391803
92.40269886363637,3276,0.1,2659.520188,0.9682691425554919
92.60227272727272,3186,0.1,3186.0,0.97901198187719229
92.8018465909091,6888,1.0,5390.0,0.93530073727647978
93.00142045454547,6526,0.95,6526.0,0.81652692679664385
93.20099431818181,4692,1.0,3010.9729765467364,0.68506816366805978
93.40056818181819,5713,0.9,4877.5,0.52457087851015105
93.60014204545453,3365,1.0,3180.9176499999994,0.72071622348194408
93.7997159090909,1553,0.275,1186.9,0.68721819576984833
93.99928977272728,1262,0.075,1262.0,0.69292045117650225
94.19886363636363,1346,1.0,3448.0842999999995,0.85767237577970601
94.3984375,4227,0.875,3285.4635099999996,0.9419127180830853
94.59801136363637,3570,0.2,2961.8511353,0.94904825703415963
94.79758522727272,4484,0.4,5720.0,0.89393594733882897
94.9971590909091,3358,0.15,3358.0,0.76744407063302578
95.19673295454547,1795,0.225,3982.9866899999997,0.59069796093611471
95.39630681818181,4126,0.375,3570.903,0.54384447901717947
95.59588068181819,2935,0.05,2172.0987298,0.76558792428042255
95.79545454545453,2915,0.45,2172.0987298,0.72947920092698737
95.9950284090909,3676,0.075,4506.05,0.72947920092698737
96.19460227272728,2464,0.1,2009.4201507499995,0.88360021357337626
96.39417613636363,4781,0.675,5720.0,0.9069988370093125
96.59375,3494,0.5,3494.0,0.87044945030409715
96.79332386363637,2490,0.0,2490.0,0.91730322176021994
96.99289772727272,3853,0.75,2919.8845005999992,0.8411507003118458
97.1924715909091,2723,0.05,4133.49728,0.86700686211117906
97.39204545454547,4556,0.5,3010.9729765467364,0.84885344091726211
97.59161931818181,3568,0.45,3568.0,0.78020582745211486
97.79119318181819,2695,0.0,4571.33,0.8563035595451125
97.99076704545453,1520,0.45,1520.0,0.79428607396041984
98.1903409090909,1049,0.0,1049.0,0.81220294788289271
98.38991477272728,1828,0.95,4133.49728,0.76059834822118666
98.58948863636363,3556,0.125,3556.0,0.82912252885143989
98.7890625,2562,0.025,2562.0,0.8249868939524494
98.98863636363637,4623,0.925,3565.822469999999,0.79428607636074866
99.18821022727272,3287,0.025,3287.0,0.7988578391578971
99.3877840909091,2091,0.0,2091.0,0.87714819833306756
99.58735795454547,3502,0.0,3502.0,0.92672390138134442
99.78693181818181,2356,0.025,2356.0,0.92444945928369815
99.98650568181819,4506,0.725,3348.2082809509993,0.84491104164509057
100.18607954545453,3136,0.05,3136.0,0.83658757757745095
100.3856534090909,1731,0.075,3233.729219059999,0.94307445673169243
100.58522727272728,4220,0.225,3565.822469999999,0.9347940007777964
100.78480113636363,2926,0.075,3652.5377499999995,0.93031750314630579
100.984375,3936,0.075,2921.719150419999,0.98037654242828054
101.18394886363637,4532,0.25,4532.0,0.97174952204995158
101.38352272727272,2177,0.8,2177.0,0.91277484859610925
101.5830965909091,4959,0.9,2810.6634151699996,0.77043920938194543
101.78267045454547,2960,0.325,3940.9699999999993,0.70345999287724403
101.98224431818181,1536,0.225,1536.0,0.80991183710158332
102.18181818181819,860,0.025,860.0,0.81453458199384787
102.38139204545453,815,0.3,815.0,0.77043921636229629
102.5809659090909,4704,0.975,3501.6495884223996,0.58920637941248932
102.78053977272728,4530,0.35,4530.0,0.51465687257159498
102.98011363636363,3853,0.075,4559.530999999999,0.51465687257159498
103.1796875,3902,0.65,4559.530999999999,0.59398464614204149
103.37926136363637,3874,0.4,3929.278999999999,0.51465688072681837
103.57883522727272,3905,0.05,3865.9269170939997,0.73242916709177686
103.7784090909091,3425,0.075,3425.0,0.78575349848639631
103.97798295454547,2852,0.275,2852.0,0.77561096150161024
104.17755681818181,4285,0.475,3010.9729765467364,0.67313254962562397
104.37713068181819,2924,0.0,1811.0820654,0.74360375854145988
104.57670454545453,2367,0.075,3865.9269170939997,0.89835675559108497
104.7762784090909,3924,0.15,3441.1590099999994,0.92065944706383207
104.97585227272728,2875,0.0,2385.5594311,0.92799230999633808
105.17542613636363,5041,0.7,2961.29579471,0.92316404970765498
105.375,3452,0.55,3452.0,0.90720244674065387
105.57457386363637,2435,0.025,2435.0,0.91002070099731358
105.77414772727272,4298,0.375,4298.0,0.87180531880436241
105.9737215909091,3057,0.05,3057.0,0.90137108022747736
106.17329545454547,1712,0.075,1712.0,0.94108631115788932
106.37286931818181,1517,0.35,1517.0,0.90720244737779521
106.57244318181819,1205,0.05,4236.675189999999,0.91002070182763406
106.77201704545453,815,0.475,4703.342,0.86817524662853618
106.9715909090909,581,0.025,581.0,0.86447487253371813
107.17116477272728,509,0.55,4513.2245,0.88562888735493295
107.37073863636363,544,0.275,4513.2245,0.91809352647459441
107.5703125,588,0.05,619.3278999999999,0.91546556436704929
107.76988636363637,1280,0.775,845.6574262999999,0.864474873368692
107.96946022727272,1946,0.95,2335.2778789999998,0.68541628897058904
108.1690340909091,2098,0.175,2098.0,0.66065828156019668
108.36860795454547,1312,0.225,4236.675189999999,0.69148313290046726
108.56818181818181,1885,0.175,2110.79989854983,0.66065828249640846
108.76775568181819,2092,0.025,2092.0,0.76520134950960261
108.96732954545453,2073,0.025,2073.0,0.76520134950960261
109.1669034090909,1486,0.025,1486.0,0.86070395312600823
109.36647727272728,1634,0.275,1634.0,0.86070395312600823
109.56605113636363,2450,0.4,3922.596709999999,0.80045627285815946
109.765625,1330,0.1,1893.2773109999998,0.90431944846209911
109.96519886363637,2146,0.525,2146.0,0.94500939436253861
110.16477272727272,1447,0.15,1447.0,0.94689198154260024
110.3643465909091,1572,0.075,1572.0,0.95713772910284911
110.56392045454547,2069,0.475,2069.0,0.93479400435288817
110.76349431818181,1331,0.025,1331.0,0.93479400435288817
110.96306818181819,1961,0.1,2071.3310699999997,0.92799230999633808
111.16264204545453,1795,0.075,4236.675189999999,0.9231640506293638
111.3622159090909,1559,0.2,1559.0,0.93031750708071614
111.56178977272728,2778,0.825,4133.49728,0.8822767968371974
111.76136363636363,1838,0.0,1579.0545999999995,0.89527590156907078
111.9609375,1980,0.075,1980.0,0.94108631205868387
112.16051136363637,2094,0.025,2094.0,0.9505036350538294
112.36008522727272,1391,0.025,1391.0,0.95391650283565532
112.5596590909091,1423,0.125,1423.0,0.97284221330694343
112.75923295454547,1877,0.075,1877.0,0.97062048305154369
112.95880681818181,2506,0.325,1861.18462,0.9586787212371366
113.15838068181819,4357,0.05,4357.0,0.96017449763681606
113.35795454545453,4490,0.625,4490.0,0.92799231104891766
113.5575284090909,3022,0.025,3022.0,0.97779020837456421
113.75710227272728,2321,0.05,1806.25744578,0.97591073518453386
113.95667613636363,1789,0.175,1789.0,0.9717495237050553
114.15625,1799,0.0,1799.0,0.97284221370733825
114.35582386363637,2353,0.0,2353.0,0.97389941255138557
114.55539772727272,2080,0.1,2080.0,0.97492197180024442
114.7549715909091,2426,0.25,2426.0,0.96700657379414756
114.95454545454547,2922,0.375,1861.18462,0.96439952056193246
115.15411931818181,3462,0.225,3462.0,0.95391650283565532
115.35369318181819,3152,0.225,3152.0,0.97492197195007879
115.55326704545453,2157,0.0,2157.0,0.97591073554668617
115.7528409090909,2273,0.075,2273.0,0.97492197187516161
115.95241477272728,1486,0.225,1486.0,0.97284221386749625
116.15198863636363,1898,0.025,1898.0,0.97174952387056579
116.3515625,1794,0.0,1794.0,0.97174952387056579
116.55113636363637,1295,0.1,2113.151950289416,0.97174952387056579
116.75071022727272,1771,0.1,1771.0,0.97779020864513244
116.9502840909091,1323,0.025,1323.0,0.98778647493266802
117.14985795454547,1692,0.15,1692.0,0.98932745177115711
117.34943181818181,2670,0.425,4348.0869,0.98478879100297545
117.54900568181819,1501,0.125,1501.0,0.98117975589728412
117.74857954545453,1416,0.1,1416.0,0.98037654279375119
117.9481534090909,1885,0.0,1885.0,0.98665512856148485
118.14772727272728,1672,0.0,1672.0,0.98723163828633997
118.34730113636363,2095,0.1,2095.0,0.98478879085596827
118.546875,1678,0.275,1678.0,0.97954440678052079
118.74644886363637,1854,0.075,1854.0,0.98037654236736882
118.94602272727272,2228,0.05,2228.0,0.97954440671742493
119.1455965909091,1768,0.0,1768.0,0.98411875791621628
119.34517045454547,1646,0.05,1646.0,0.99190894359588633
119.54474431818181,2028,0.025,2028.0,0.9933086758375429
119.74431818181819,1314,0.0,1314.0,0.99448992826539651
119.94389204545453,901,0.175,619.3278999999999,0.96082745943149805
120.1434659090909,1170,0.325,1964.2592355199997,0.94066489505325857
120.34303977272728,1761,0.075,1761.0,0.94245983612284445
120.54261363636363,1622,0.025,1622.0,0.95814932319639945
120.7421875,1928,0.025,1928.0,0.96082746040256239
120.94176136363637,2451,0.05,2451.0,0.96082746040256239
121.14133522727272,1449,0.025,1449.0,0.95950636384190113
121.3409090909091,1999,0.0,1999.0,0.96211326069786607
121.54048295454547,2362,0.025,2362.0,0.96211326069786607
121.74005681818181,1582,0.0,1582.0,0.96211326069786607
121.93963068181819,1643,0.025,1643.0,0.96912295576168062
122.13920454545453,1942,0.025,1942.0,0.97994740644696088
122.3387784090909,1901,0.05,1901.0,0.98068223432997792
122.53835227272728,2473,0.0,2473.0,0.98139405231610821
122.73792613636363,1851,0.025,1851.0,0.98139405231610821
122.9375,1926,0.0,1926.0,0.98275088103750363
123.13707386363637,2349,0.0,2349.0,0.98339698494576999
123.33664772727272,1747,0.0,1747.0,0.98339698494576999
123.5362215909091,2874,0.25,2874.0,0.97676661058638847
123.73579545454547,2710,0.15,1856.6204637999997,0.97120625764468671
123.93536931818181,1774,0.025,1774.0,0.97120625764468671
124.13494318181819,1571,0.025,1571.0,0.97120625764468671
124.33451704545453,1917,0.0,1917.0,0.97317134437381303
124.5340909090909,2391,0.025,2391.0,0.97220326663251844
124.73366477272728,2074,0.125,2074.0,0.96803540601096483
124.93323863636363,1371,0.025,1371.0,0.96691641491842917
125.1328125,1962,0.025,1962.0,0.96576534535842418
125.33238636363637,1831,0.0,1831.0,0.96576534535842418
125.53196022727272,2597,0.025,2597.0,0.97502316959712609
125.7315340909091,2107,0.0,2107.0,0.97994740655820101
125.93110795454547,2372,0.0,2372.0,0.98068223438386271
126.13068181818181,2642,0.25,2642.0,0.97317134458700794
126.33025568181819,1515,0.0,1515.0,0.97317134458700794
126.52982954545453,2413,0.275,2413.0,0.96211325984735918
126.7294034090909,1930,0.025,1930.0,0.96691641491842917
126.92897727272728,1662,0.025,1662.0,0.96691641491842917
127.12855113636363,1595,0.0,1595.0,0.96803540601096483
127.328125,1293,0.0,1293.0,0.96803540601096483
127.52769886363637,1455,0.225,1455.0,0.95814932278654941
127.72727272727272,2097,0.0,2097.0,0.95814932278654941
127.9268465909091,1620,0.025,1620.0,0.95675569014983086
128.12642045454547,1275,0.0,1275.0,0.96912295544218785
128.3259943181818,995,0.175,1762.8526917999998,0.96082746001413655
128.5255681818182,1472,0.15,1472.0,0.96691641534122119
128.72514204545453,1853,0.0,1853.0,0.96803540642192543
128.9247159090909,1238,0.2,1762.8526917999998,0.95950636334309936
129.12428977272728,1441,0.0,1441.0,0.95950636334309936
129.32386363636363,2094,0.0,2094.0,0.95950636334309936
129.5234375,1635,0.025,1635.0,0.96912295520256841
129.72301136363637,2272,0.0,2272.0,0.96912295520256841
129.92258522727272,1932,0.0,1932.0,0.97017969584446795
130.1221590909091,1846,0.0,1846.0,0.97017969584446795
130.32173295454547,2212,0.0,2212.0,0.97676661033443191
130.5213068181818,1524,0.025,1524.0,0.98068223432997792
130.7208806818182,1896,0.0,1896.0,0.98068223432997792
130.92045454545453,2291,0.0,2291.0,0.98577840356514035
131.1200284090909,1865,0.0,1865.0,0.98577840356514035
131.31960227272728,1956,0.0,1956.0,0.98577840356514035
131.51917613636363,1683,0.0,1683.0,0.98632559058858393
131.71875,1553,0.0,1553.0,0.98632559058858393
131.91832386363637,2411,0.0,2411.0,0.98632559058858393
132.11789772727272,1762,0.0,1762.0,0.98632559058858393
132.3174715909091,1321,0.0,1321.0,0.98632559058858393
132.51704545454547,904,0.025,1181.83,0.98632559058858393
132.7166193181818,1189,0.025,1440.5612343999999,0.98577840356514035
132.9161931818182,767,0.025,619.3278999999999,0.9852124579950432
133.11576704545453,514,0.0,1278.9451299999996,0.9852124579950432
133.3153409090909,516,0.0,1278.9451299999996,0.9852124579950432
133.51491477272728,913,0.275,1183.981,0.977599187273551
133.71448863636363,4238,0.675,4238.0,0.94421178808080852
133.9140625,2913,0.0,1762.5968842599996,0.94421178808080852
134.11363636363637,2398,0.025,2398.0,0.94245983466947614
134.31321022727272,3630,0.1,3630.0,0.9350159761391561
134.5127840909091,2158,0.125,2158.0,0.92684540549624517
134.71235795454547,5144,0.3,3449.687914899999,0.90033620156312077
134.9119318181818,2407,0.925,2407.0,0.76719784879920772
135.1115056818182,2084,0.05,2084.0,0.75768710573766052
135.31107954545453,3647,0.025,2433.4380864064456,0.75285392384508376
135.5106534090909,2058,0.3,2058.0,0.74796965353255107
135.71022727272728,5187,0.275,5187.0,0.81970892521556959
135.90980113636363,2927,0.275,2396.1526135094837,0.77187430606679652
136.109375,2302,0.0,2302.0,0.77649747248863699
136.30894886363637,4351,0.025,4351.0,0.79004263020406551
136.50852272727272,2194,0.625,2194.0,0.69107207978320229
136.7080965909091,3028,0.35,3028.0,0.68015193966671128
136.90767045454547,2917,0.0,2917.0,0.85020836542655354
137.1072443181818,1921,0.025,1921.0,0.85376334791607167
137.3068181818182,1746,0.0,1746.0,0.85726122300419072
137.50639204545453,1346,0.0,1346.0,0.89484288639290144
137.7059659090909,1070,0.075,740.3299999999999,0.91555403010897418
137.90553977272728,3265,0.975,3265.0,0.8276767280458337
138.10511363636363,1864,0.075,1864.0,0.81563971105793587
138.3046875,4178,0.65,4178.0,0.6964702671964379
138.50426136363637,2850,0.025,2850.0,0.81151383812952704
138.70383522727272,1812,0.0,1812.0,0.86408608941913367
138.9034090909091,4404,0.875,4404.0,0.71240590410810423
139.10298295454547,2786,0.05,2786.0,0.70713808144367363
139.3025568181818,3211,0.05,3211.0,0.69647026559394798
139.5021306818182,3481,0.25,3481.0,0.64073964551482077
139.70170454545453,1940,0.05,1940.0,0.64647479763242632
139.9012784090909,5337,0.575,5337.0,0.57916593218105294
140.10085227272728,2580,0.875,2580.0,0.59112204629332188
140.30042613636363,1808,0.0,1808.0,0.54740157767565178
140.5,3879,0.575,3879.0,0.57011156055629719
140.69957386363637,1773,1.0,1773.0,0.76250967606756304
140.89914772727275,4821,0.725,2920.323857611089,0.73687398347319011
141.09872159090907,3031,0.025,3031.0,0.73246793095046814
141.29829545454544,1512,0.05,1512.0,0.73246793095046814
141.4978693181818,952,0.0,952.0,0.68646643892878589
141.6974431818182,740,0.025,4237.072632999999,0.68168488225354107
141.89701704545456,3488,0.7,3488.0,0.7052749502902641
142.09659090909093,2805,0.125,2805.0,0.55421887373133361
142.29616477272725,1926,0.0,1926.0,0.55421887373133361
142.49573863636363,4753,0.55,4506.2571499999995,0.54890058810582343
142.6953125,2721,0.2,2721.0,0.62069562950287649
142.89488636363637,1866,0.0,1866.0,0.75715185117727879
143.09446022727275,3630,0.075,3630.0,0.74866134753833746
143.29403409090907,2227,0.0,2227.0,0.75715185086390013
143.49360795454544,4934,0.1,4934.0,0.74001645127713067
143.6931818181818,2858,0.0,2858.0,0.74435798310799473
143.8927556818182,1985,0.0,1985.0,0.84925841545471192
144.09232954545456,4478,0.6,4478.0,0.78166574657304877
144.29190340909093,2656,0.075,2656.0,0.76959104115416721
144.49147727272725,4170,0.075,4170.0,0.83962734801703987
144.69105113636363,3686,0.225,3686.0,0.83632954402892268
144.890625,2861,0.025,2861.0,0.83298802779324266
145.09019886363637,5234,0.975,5234.0,0.68512328833134484
145.28977272727275,2584,0.35,2584.0,0.61556937210415952
145.48934659090907,1553,0.0,1553.0,0.63594426993760067
145.68892045454544,1137,0.0,1137.0,0.63594426993760067
145.8884943181818,847,0.0,3493.218298326976,0.63594426993760067
146.0880681818182,4087,0.35,4087.0,0.6851232954464116
146.28764204545456,2545,0.1,2545.0,0.68033309403433873
146.48721590909093,1541,0.0,1541.0,0.69461021505816101
146.68678977272725,4425,0.275,4425.0,0.68512329402339822
146.88636363636363,1390,1.0,1390.0,0.51683956855901836
147.0859375,2746,0.775,2746.0,0.5260424027258217
147.28551136363637,3240,0.025,3240.0,0.59487003943724392
147.48508522727275,1494,0.075,1494.0,0.57916592983088366
147.68465909090907,5029,0.575,5029.0,0.54357349249934428
147.88423295454544,1889,1.0,1889.0,0.74124265210059581
148.0838068181818,1244,0.35,1244.0,0.74124265210059581
148.2833806818182,4514,0.575,4514.0,0.81663299042883652
148.48295454545456,1959,0.45,1959.0,0.87381072312437413
148.68252840909093,4597,0.625,4597.0,0.90870133523154384
148.88210227272725,3247,0.075,3247.0,0.79825101878247362
149.08167613636363,1858,0.0,1858.0,0.66226089888877882
149.28125,4730,0.25,2860.62536937652,0.70527494338136487
149.48082386363637,2380,0.275,2380.0,0.74124265177650828
149.68039772727275,1574,0.0,1574.0,0.63231100635282356
149.87997159090907,1473,0.0,1473.0,0.57916593022257845
150.07954545454544,987,0.0,987.0,0.65098065185632259
150.2791193181818,4556,0.375,4556.0,0.68988255670040888
150.4786931818182,2632,0.0,2632.0,0.76959104724301342
150.67826704545456,1639,0.0,1639.0,0.85849643705850753
150.87784090909093,3778,0.15,3778.0,0.84925841639193245
151.07741477272725,1681,0.175,1681.0,0.8261740112799012
151.27698863636363,5310,0.675,2753.1566915132994,0.761338170157422
151.4765625,2706,0.05,2706.0,0.79718411874085449
151.67613636363637,2072,0.0,2072.0,0.79718411874085449
151.87571022727275,3790,0.0,2860.62536937652,0.79718411874085449
152.07528409090907,2311,0.6,2311.0,0.69461020909039473
152.27485795454544,4676,0.175,4676.0,0.73122071007436862
152.4744318181818,3200,0.0,3200.0,0.73122071007436862
152.6740056818182,2177,0.025,2177.0,0.72676746438439754
152.87357954545456,4932,0.05,2860.62536937652,0.74435797892130573
153.07315340909093,4399,0.15,4399.0,0.74866134179286581
153.27272727272725,5593,0.6,4408.08649,0.76133816488015982
153.47230113636363,4428,0.825,4428.0,0.6155693728695637
153.671875,2545,0.025,2545.0,0.61042282712227092
153.87144886363637,2014,0.05,2014.0,0.60007228524066947
154.07102272727275,1114,0.25,740.2309999999999,0.67066255489507576
154.27059659090907,1358,0.1,1358.0,0.68512329366764491
154.47017045454544,4032,0.25,4032.0,0.63594427407533716
154.6697443181818,2501,0.025,2501.0,0.63594427407533716
154.8693181818182,4005,0.125,4005.0,0.62069563102751169
155.06889204545456,3407,0.025,3407.0,0.64599343452302771
155.26846590909093,1985,0.0,1985.0,0.75715185337092916
155.46803977272725,5276,0.55,2707.5925526020737,0.80095821081690977
155.66761363636363,3127,0.55,3127.0,0.71319233720338981
155.8671875,2372,0.0,2372.0,0.72227797061895049
156.06676136363637,3538,0.075,3538.0,0.75292610549071748
156.26633522727275,1938,0.0,1938.0,0.76959104419859026
156.46590909090907,4880,0.25,4880.0,0.76959104419859026
156.66548295454544,2761,0.05,2761.0,0.7654846892060827
156.8650568181818,1847,0.0,1847.0,0.78560816446333859
157.0646306818182,5984,1.0,7791.0,0.60525684606176
157.26420454545456,2203,1.0,2203.0,0.60671327083060667
157.46377840909093,3826,0.0,3826.0,0.50997032049089808
157.66335227272725,3258,0.05,3258.0,0.61556938014090457
157.86292613636363,1491,0.05,1491.0,0.60525685068894197
158.0625,1270,0.0,1270.0,0.62069563483909962
158.26207386363637,767,0.025,767.0,0.61556938052360666
158.46164772727275,737,0.075,4082.1475999999993,0.65098064777951137
158.66122159090907,755,0.0,4082.1475999999993,0.66087648299230484
158.86079545454544,440,0.1,440.0,0.64098105172353836
159.0603693181818,665,0.25,747.9182329999999,0.77768189632870288
159.2599431818182,613,0.0,613.0,0.90356373439235615
159.45951704545456,1040,0.25,1040.0,0.87853472164958846
159.65909090909093,4078,0.05,4078.0,0.87853472164958846
159.85866477272725,1561,0.375,1561.0,0.8406638758016205
160.05823863636363,7620,0.975,7619.0,0.66919038607401948
160.2578125,3572,1.0,3572.0,0.54848425128785361
160.45738636363637,6919,1.0,4237.072632999999,0.74300942522267555
160.65696022727275,8782,0.975,8782.0,0.88727493658014511
160.85653409090907,6511,1.0,6511.0,0.95806275327615287
161.05610795454544,8245,1.0,8245.0,0.98457600633671483
161.2556818181818,3840,1.0,3840.0,0.99686089655319932
161.4552556818182,1934,0.175,1934.0,0.99642575650483034
161.65482954545456,7635,1.0,7012.9,0.99939181096740737
161.85440340909093,2480,1.0,2480.0,0.99983697532566462
162.05397727272725,3944,0.0,3944.0,0.99879397284840687
162.25355113636363,3448,0.0,3448.0,0.99305902067946406
162.453125,1546,0.025,1546.0,0.97133537197883757
162.65269886363637,7659,0.975,7659.0,0.97133537197883757
162.85227272727275,2396,0.2,2396.0,0.9253073025985481
163.05184659090907,1634,0.025,1634.0,0.8111641469138775
163.25142045454544,1717,0.0,1717.0,0.62108686064585683
163.4509943181818,876,0.025,876.0,0.58794341738149813
163.6505681818182,6392,0.975,8245.0,0.58235093146993244
163.85014204545456,2720,1.0,2720.0,0.58235093146993244
164.04971590909093,1779,0.0,1779.0,0.58235093146993244
164.24928977272725,6587,0.95,8245.0,0.77429798617969947
164.44886363636363,2092,1.0,2092.0,0.9053390525902888
164.6484375,3585,0.0,3585.0,0.77429798200487254
164.84801136363637,2933,0.025,2933.0,0.74300942281028348
165.04758522727275,1765,0.0,1765.0,0.73836234862316763
165.24715909090907,7691,0.975,3561.833010299999,0.88450570911299886
165.44673295454544,2115,0.55,2115.0,0.93307506086152348
165.6463068181818,1226,0.1,1226.0,0.84060947862239566
165.8458806818182,3964,0.125,3964.0,0.68964358070253851
166.04545454545456,1273,0.475,1273.0,0.77858491074476133
166.24502840909093,5474,1.0,3135.4339168573733,0.78701760420291977
166.44460227272725,2581,0.025,2581.0,0.59351810597679167
166.64417613636363,1350,0.075,1350.0,0.61012453692147439
166.84375,6726,1.0,4711.339399999999,0.7993088424845618
167.04332386363637,3820,1.0,3820.0,0.92117403220911176
167.24289772727275,1301,0.1,1301.0,0.81882260918978678
167.44247159090907,706,0.125,706.0,0.74761318681229816
167.64204545454544,547,0.0,547.0,0.72894052898031503
167.8416193181818,7961,0.925,7961.0,0.85739715008030548
168.0411931818182,2116,0.775,2116.0,0.89267043407497737
168.24076704545456,1324,0.0,1324.0,0.74761318544677591
168.44034090909093,3947,0.1,3947.0,0.76115940327278642
168.63991477272725,1535,0.025,1535.0,0.75217310873600263
168.83948863636363,7568,0.975,2388.6603464337527,0.74761318954334244
169.0390625,2570,0.25,2570.0,0.59351810224488499
169.23863636363637,1437,0.0,1437.0,0.57111693080246073
169.43821022727275,6149,0.975,6149.0,0.74761319363990908
169.63778409090907,2098,0.65,2098.0,0.850831274264362
169.83735795454544,5202,0.05,5202.0,0.70466993011908463
170.0369318181818,3139,0.125,3139.0,0.56547765806922734
170.2365056818182,2085,0.0,2085.0,0.56547765806922734
170.43607954545456,7769,0.975,2555.4825477192,0.74761319568819229
170.63565340909093,2779,0.45,2779.0,0.81882261285093594
170.83522727272725,1384,0.225,1384.0,0.68456186798853014
171.03480113636363,4181,0.025,4181.0,0.63734680119115417
171.234375,1753,0.35,1753.0,0.70960327051289407
171.43394886363637,1065,0.0,1065.0,0.50290639730159881
171.63352272727275,729,0.0,729.0,0.64813600094525803
171.83309659090907,711,0.0,711.0,0.65872495990901192
172.03267045454544,5856,1.0,3348.2082809509993,0.53710375628287021
172.2322443181818,1741,1.0,1741.0,0.74761318681229816
172.4318181818182,6309,0.975,5959.0,0.74761318681229816
172.63139204545456,2685,0.2,2685.0,0.69969837643786659
172.83096590909093,1353,0.0,1353.0,0.65336273708636505
173.03053977272725,8033,0.95,8033.0,0.82257782112782474
173.23011363636363,2386,0.725,2386.0,0.87294648508134598
173.4296875,3946,0.0,3946.0,0.87294648508134598
173.62926136363637,6167,0.95,2703.420350775016,0.95406311806725475
173.82883522727275,3656,1.0,3656.0,0.98807239603369224
174.02840909090907,8767,0.95,8767.0,0.98715149475330422
174.22798295454544,4529,1.0,4529.0,0.98715149475330422
174.4275568181818,1968,0.05,1968.0,0.95542906185022525
174.6271306818182,5371,0.45,5371.0,0.96736513999888896
174.82670454545456,2969,0.1,2969.0,0.97133537036812845
175.02627840909093,5331,0.975,2963.6070562969994,0.97226257785658421
175.22585227272725,3059,0.025,3059.0,0.93491577851536367
175.42542613636363,1603,0.0,1603.0,0.93491577851536367
175.625,2864,0.125,2864.0,0.85083127277456549
175.82457386363637,1915,0.0,1915.0,0.67944500772313177
176.02414772727275,1727,0.0,1727.0,0.53149066082293372
176.22372159090907,5841,0.725,2585.5732155923993,0.59360505109734107
176.42329545454544,2398,0.75,2398.0,0.56547766059324922
176.6228693181818,7490,1.0,7490.0,0.68456187672706492
176.8224431818182,2841,0.65,2841.0,0.78701760296047651
177.02201704545456,1283,0.2,1283.0,0.63734680038935709
177.22159090909093,4988,0.925,4988.0,0.80726120305608662
177.42116477272725,1550,0.8,1550.0,0.90773477556672744
177.62073863636363,5901,0.8,3652.4134974999997,0.95676210068365075
177.8203125,2900,0.95,2900.0,0.98807239603369224
178.01988636363637,2122,0.0,2122.0,0.98807239603369224
178.21946022727275,7186,0.9,7186.0,0.99085953447548092
178.41903409090907,1874,0.85,1874.0,0.99218116677174406
178.61860795454544,1906,0.0,1906.0,0.96736514109051641
178.8181818181818,3884,0.175,3884.0,0.94188820739489654
179.0177556818182,1670,0.025,1670.0,0.92927309323578555
179.21732954545456,7980,0.95,2390.9035697525383,0.93119431936739161
179.41690340909093,2400,0.05,2400.0,0.85413903703525884
179.61647727272725,1377,0.0,1377.0,0.72416696550676862
179.81605113636363,987,0.0,987.0,0.54484975747275977
180.015625,730,0.0,730.0,0.54484975747275977
180.21519886363637,6386,0.975,6386.0,0.52856049174750996
180.41477272727275,2838,0.35,2838.0,0.63496654775002781
180.61434659090907,1900,0.0,1900.0,0.63496654775002781
180.81392045454544,7349,1.0,7271.0,0.54222796673785889
181.0134943181818,2449,0.25,2449.0,0.59059328051780158
181.2130681818182,4257,0.0,4257.0,0.61422941975294121
181.41264204545456,3868,0.275,3868.0,0.56644733969317695
181.61221590909093,2096,0.025,2096.0,0.56106393381593311
181.81178977272725,6867,0.975,8782.0,0.64781682426000298
182.01136363636363,2999,1.0,2999.0,0.8228296066410774
182.2109375,1565,0.0,1565.0,0.65287800759439873
182.41051136363637,6016,0.225,2916.8886902294335,0.62731714105146519
182.61008522727275,2258,0.175,2258.0,0.66291822583206739
182.80965909090907,4753,0.025,4753.0,0.5448497498019369
183.00923295454544,3123,0.1,3123.0,0.57717627977410357
183.2088068181818,2092,0.0,2092.0,0.57717627977410357
183.4083806818182,7582,1.0,2850.2125016961463,0.5799372342016984
183.60795454545456,2141,0.15,2141.0,0.6064502977100602
183.80752840909093,1652,0.025,1652.0,0.59845570022202832
184.00710227272725,1136,0.0,1136.0,0.78701923984902322
184.20667613636363,4452,0.55,4452.0,0.68984044167319325
184.40625,5658,0.5,4449.768435,0.63496654507029782
184.60582386363637,3448,0.4,3448.0,0.5878482736239008
184.80539772727275,3043,0.0,3043.0,0.59316052724672741
185.00497159090907,2237,0.0,2237.0,0.61422941858436175
185.20454545454544,1830,0.025,1830.0,0.608991056449107
185.4041193181818,2404,0.0,2404.0,0.79487671092963053
185.6036931818182,5481,0.75,3066.6993205373697,0.6898404402356787
185.80326704545456,5649,1.0,3448.8270783009993,0.51503739144220861
186.00284090909093,5543,0.925,5655.3,0.70659475211863088
186.20241477272725,5721,0.3,5543.0,0.65791207449871969
186.40198863636363,5037,0.4,5037.0,0.6376163102982999
186.6015625,4226,0.075,4226.0,0.56922226158675948
186.80113636363637,3651,0.0,3651.0,0.56922226158675948
187.00071022727275,5410,1.0,5410.0,0.76459565651028139
187.20028409090907,4286,0.55,4286.0,0.84332505484705877
187.39985795454544,3422,0.0,3422.0,0.84332505484705877
187.5994318181818,4723,0.325,4723.0,0.78107851421192398
187.7990056818182,4241,0.125,4241.0,0.61692613522192441
187.99857954545456,4927,1.0,4927.0,0.63247863458045916
188.19815340909093,4164,0.075,4164.0,0.58527310110005959
188.39772727272725,3526,0.0,3526.0,0.5013187548093585
188.59730113636363,7474,0.75,2850.2125016961463,0.64272930898268388
188.796875,4303,0.975,4303.0,0.8156374346839228
188.99644886363637,3751,0.0,3751.0,0.63761630838891015
189.19602272727275,3489,0.025,3489.0,0.52592914319207806
189.39559659090907,3291,0.325,3291.0,0.59589682793675358
189.59517045454544,4804,0.075,4804.0,0.54222796916197602
189.7947443181818,3846,0.325,3846.0,0.58527309990911791
189.9943181818182,3490,0.0,3490.0,0.62981646824242166
190.19389204545456,4135,0.55,4135.0,0.52856049580007125
190.39346590909093,3671,0.0,3671.0,0.52856049580007125
190.59303977272725,4646,0.25,4646.0,0.63496654545311637
190.79261363636363,3761,0.05,3761.0,0.80255928942245069
190.9921875,3541,0.025,3541.0,0.79873997981269595
191.19176136363637,4184,0.275,4184.0,0.75817268007207184
191.39133522727275,3556,0.0,3556.0,0.81006524022992021
191.59090909090907,3890,0.55,3890.0,0.73185115199683493
191.79048295454544,3971,0.1,3971.0,0.770787972873757
191.9900568181818,3743,0.05,3743.0,0.76241914816930223
192.1896306818182,4763,0.875,4763.0,0.7041609482626271
192.38920454545456,3907,0.025,3907.0,0.69942121526044987
192.58877840909093,3814,0.0,3814.0,0.74518982251848254
192.78835227272725,4076,0.225,4076.0,0.71353591970357144
192.98792613636363,3864,0.0,3864.0,0.71816993550996799
193.1875,3744,0.0,3744.0,0.76662437761803615
193.38707386363637,3820,0.0,3820.0,0.76662437761803615
193.58664772727275,3748,0.0,3748.0,0.8481422639932682
193.78622159090907,4713,0.8,4713.0,0.74078251267773765
193.98579545454544,2840,0.025,2840.0,0.74518982513370535
194.1853693181818,3742,0.0,3742.0,0.87240890249063807
194.3849431818182,3412,0.0,3412.0,0.87524111348712053
194.58451704545456,3189,0.025,3189.0,0.87240890249063807
194.78409090909093,4715,0.225,4715.0,0.87240890249063807
194.98366477272725,3557,0.0,3557.0,0.87240890249063807
195.18323863636363,3113,0.0,3113.0,0.87240890249063807
195.3828125,3520,0.025,3520.0,0.86953229683851641
195.58238636363637,2827,0.0,2827.0,0.86953229683851641
195.78196022727275,4696,0.6,4696.0,0.89131223442804286
195.98153409090907,3675,0.025,3675.0,0.89131223442804286
196.18110795454544,3022,0.0,3022.0,0.89131223442804286
196.3806818181818,4019,0.125,4019.0,0.87802909255896133
196.5802556818182,3144,0.0,3144.0,0.88077302062172302
196.77982954545456,3226,0.05,3226.0,0.89876475632370945
196.97940340909093,3836,0.575,3836.0,0.83151067725746708
197.17897727272725,3003,0.0,3003.0,0.83151067725746708
197.37855113636363,3203,0.075,3203.0,0.82454191057377879
197.578125,3811,0.525,3811.0,0.74078251531639383
197.77769886363637,3284,0.0,3284.0,0.8349273896768552
197.97727272727275,3591,0.325,3591.0,0.79096972761469564
198.17684659090907,2703,0.0,2703.0,0.79096972761469564
198.37642045454544,4477,0.3,4477.0,0.76241915918923198
198.5759943181818,2945,0.0,2945.0,0.76241915918923198
198.7755681818182,2807,0.0,2807.0,0.77078798367659829
198.97514204545456,4093,0.0,4093.0,0.85447861344632414
199.17471590909093,2922,0.0,2922.0,0.85447861344632414
199.37428977272725,3816,0.0,3816.0,0.86364531968769187
199.57386363636363,3256,0.025,3256.0,0.91469232267167433
199.7734375,2956,0.025,2956.0,0.91229622399781762
199.97301136363637,4472,0.2,4472.0,0.92306695556167306
200.17258522727275,3469,0.0,3469.0,0.92306695556167306
200.37215909090907,3321,0.0,3321.0,0.94479479745031614
200.57173295454544,3740,0.35,3740.0,0.91888598251176679
200.7713068181818,2993,0.0,2993.0,0.91888598251176679
200.9708806818182,4229,0.0,4229.0,0.91888598251176679
201.17045454545456,3443,0.0,3443.0,0.91888598251176679
201.37002840909093,3240,0.025,3240.0,0.91673224093696015
201.56960227272725,3245,0.025,3245.0,0.91673224093696015
201.76917613636363,3593,0.0,3593.0,0.91888598251176679
201.96875,4249,0.075,4249.0,0.92902848260661708
202.16832386363637,4143,0.4,4143.0,0.89278375497452445
202.36789772727275,4350,0.6,4350.0,0.81614797509721271
202.56747159090907,4916,0.925,4916.0,0.71711450216501815
202.76704545454544,4143,0.0,4143.0,0.71711450216501815
202.9666193181818,4046,0.0,4046.0,0.71711450216501815
203.1661931818182,3791,0.0,3791.0,0.71711450216501815
203.36576704545456,3071,0.0,3071.0,0.72189698245879619
203.56534090909093,5247,0.875,5247.0,0.54214794619465678
203.76491477272725,4175,0.1,4175.0,0.51956641711043039
203.96448863636363,3160,0.0,3160.0,0.53651243934114956
204.1640625,3991,0.25,3991.0,0.57017627274441929
204.36363636363637,2844,0.0,2844.0,0.69759981621442169
204.56321022727275,3550,0.025,3550.0,0.84815203671254058
204.76278409090907,3072,0.0,3072.0,0.84815203671254058
204.96235795454544,2792,0.0,2792.0,0.84815203671254058
205.1619318181818,4854,0.625,4854.0,0.74973556952900544
205.3615056818182,2790,0.0,2790.0,0.74973556952900544
205.56107954545456,2728,0.025,2728.0,0.87622024479004867
205.76065340909093,2806,0.325,2806.0,0.8481520384528376
205.96022727272725,2528,0.0,2528.0,0.8481520384528376
206.15980113636363,4273,0.0,4273.0,0.8790986332259807
206.359375,3611,0.0,3611.0,0.8790986332259807
206.55894886363637,3147,0.0,3147.0,0.88192959030456108
206.75852272727275,3722,0.05,3722.0,0.87622024630364925
206.95809659090907,3149,0.0,3149.0,0.87622024630364925
207.15767045454544,3640,0.0,3640.0,0.93462863984066102
207.3572443181818,3457,0.025,3457.0,0.93280131947979661
207.5568181818182,3110,0.0,3110.0,0.93462863984066102
207.75639204545456,4417,0.35,4417.0,0.93280131906698971
207.95596590909093,3261,0.0,3261.0,0.93280131906698971
208.15553977272725,2926,0.025,2926.0,0.93093475308031182
208.35511363636363,3245,0.0,3245.0,0.93093475308031182
208.5546875,3022,0.0,3022.0,0.93093475308031182
208.75426136363637,4243,0.0,4243.0,0.93462863943657459
208.95383522727275,3319,0.0,3319.0,0.93462863943657459
209.15340909090907,2716,0.0,2716.0,0.93462863943657459
209.35298295454544,4490,0.025,4490.0,0.93462863943657459
209.5525568181818,4079,0.0,4079.0,0.93462863943657459
209.7521306818182,4010,0.0,4010.0,0.95635906133779858
209.95170454545456,4068,0.0,4068.0,0.95635906133779858
210.15127840909093,3977,0.0,3977.0,0.95765589279726582
210.35085227272725,2764,0.0,2764.0,0.95765589279726582
210.55042613636363,1066,0.3,1066.0,0.93987980047106989
210.75,976,0.0,976.0,0.93987980047106989
210.94957386363637,745,0.0,745.0,0.93987980047106989
211.14914772727275,694,0.0,694.0,0.93987980047106989
211.34872159090907,1770,0.625,1770.0,0.88745010971462679
211.54829545454544,1654,0.0,1654.0,0.88745010971462679
211.7478693181818,2606,0.0,2606.0,0.88745010971462679
211.9474431818182,1511,0.0,1511.0,0.88745010971462679
212.14701704545456,2024,0.025,2024.0,0.88471333542221386
212.34659090909093,2791,0.075,2791.0,0.87622024327644832
212.54616477272725,2366,0.0,2366.0,0.907686239876766
212.74573863636363,2447,0.2,2447.0,0.88745011032111232
212.9453125,1905,0.0,1905.0,0.88745011032111232
213.14488636363637,3023,0.15,3023.0,0.87032037629385539
213.34446022727275,2853,0.0,2853.0,0.93093475181542074
213.54403409090907,3284,0.0,3284.0,0.93093475181542074
213.74360795454544,3374,0.0,3374.0,0.93093475181542074
213.9431818181818,3013,0.0,3013.0,0.93093475181542074
214.1427556818182,3706,0.0,3706.0,0.93280131782856968
214.34232954545456,3491,0.0,3491.0,0.93816740681024957
214.54190340909093,2058,0.0,2058.0,0.93816740681024957
214.74147727272725,2823,0.0,2823.0,0.9508480322488253
214.94105113636363,2516,0.0,2516.0,0.9508480322488253
215.140625,2914,0.075,2914.0,0.95503036757985416
215.34019886363637,2962,0.025,2962.0,0.95366930317626797
215.53977272727275,2644,0.0,2644.0,0.95366930317626797
215.73934659090907,4096,0.0,4096.0,0.95366930317626797
215.93892045454544,3566,0.0,3566.0,0.95366930317626797
216.1384943181818,2800,0.0,2800.0,0.95366930317626797
216.3380681818182,3608,0.025,3608.0,0.95227536029767845
216.53764204545456,2799,0.0,2799.0,0.95227536029767845
216.73721590909093,3316,0.0,3316.0,0.95227536029767845
216.93678977272725,3458,0.075,3458.0,0.94789120257322235
217.13636363636363,3232,0.025,3232.0,0.95084803235642568
217.3359375,4034,0.05,4034.0,0.94938681424613058
217.53551136363637,3942,0.0,3942.0,0.94938681424613058
217.73508522727275,2955,0.0,2955.0,0.94938681424613058
217.93465909090907,2877,0.0,2877.0,0.94938681424613058
218.13423295454544,2228,0.0,2228.0,0.94938681424613058
218.3338068181818,6877,0.85,6877.0,0.87909862875955391
218.5333806818182,16466,0.975,16466.0,0.73134197160700443
218.73295454545456,14441,1.0,14441.0,0.51956641584615204
218.93252840909093,6712,1.0,16466.0,0.68301981336463091
219.13210227272725,2500,0.85,2500.0,0.82756954871717259
219.33167613636363,2046,0.0,2046.0,0.82022261313152856
219.53125,2179,0.0,2179.0,0.82022261313152856
219.73082386363637,1564,0.0,1564.0,0.84770587006568465
219.93039772727275,2467,0.0,2467.0,0.84770587006568465
220.12997159090907,1725,0.0,1725.0,0.84770587006568465
220.32954545454544,1992,0.0,1992.0,0.7126099129416652
220.5291193181818,1612,0.0,1612.0,0.51074379303533357
220.7286931818182,2047,0.0,2047.0,0.69876513471116342
220.92826704545456,2247,0.025,2247.0,0.85427446583715339
221.12784090909093,1590,0.0,1590.0,0.9358151007570561
221.32741477272725,1052,0.0,1052.0,0.9358151007570561
221.52698863636363,2165,0.675,2165.0,0.87509403332044133
221.7265625,1782,0.025,1782.0,0.87225419146185368
221.92613636363637,2054,0.0,2054.0,0.87225419146185368
222.12571022727275,2313,0.0,2313.0,0.87225419146185368
222.32528409090907,1660,0.0,1660.0,0.87225419146185368
222.52485795454544,2834,0.0,2834.0,0.87225419146185368
222.7244318181818,2410,0.0,2410.0,0.87225419146185368
222.9240056818182,2775,0.0,2775.0,0.87509403332044133
223.12357954545456,4004,0.025,4004.0,0.87225419146185368
223.32315340909093,2658,0.0,2658.0,0.87225419146185368
223.52272727272725,2875,0.1,2875.0,0.92676152697270631
223.72230113636363,3556,0.0,3556.0,0.92864634010970903
223.921875,2973,0.0,2973.0,0.92864634010970903
224.12144886363637,3461,0.0,3461.0,0.92864634010970903
224.32102272727275,3494,0.175,3494.0,0.91464418212682541
224.52059659090907,3785,0.125,3785.0,0.90344733792909615
224.72017045454544,3611,0.0,3611.0,0.90344733792909615
224.9197443181818,3123,0.0,3123.0,0.90344733792909615
225.1193181818182,5684,0.95,5034.8447,0.78661916453753467
225.31889204545456,3836,0.7,3836.0,0.65957188337009254
225.51846590909093,2892,0.0,2892.0,0.67941859738886679
225.71803977272725,3249,0.0,3249.0,0.67941859738886679
225.91761363636363,2717,0.0,2717.0,0.67941859738886679
226.1171875,3605,0.0,3605.0,0.67941859738886679
226.31676136363637,3155,0.0,3155.0,0.7129202543810873
226.51633522727275,2426,0.0,2426.0,0.73578664042474595
226.71590909090907,3808,0.025,3808.0,0.73128857511998158
226.91548295454544,2722,0.0,2722.0,0.73128857511998158
227.1150568181818,2820,0.0,2820.0,0.8722541942340134
227.3146306818182,3508,0.0,3508.0,0.9358151007570561
227.51420454545456,3095,0.0,3095.0,0.9358151007570561
227.71377840909093,2914,0.0,2914.0,0.9358151007570561
227.91335227272725,3028,0.0,3028.0,0.9358151007570561
228.11292613636363,2153,0.0,2153.0,0.9358151007570561
228.3125,2957,0.025,2957.0,0.93407766363087608
228.51207386363637,2181,0.0,2181.0,0.93407766363087608
228.71164772727275,1974,0.0,1974.0,0.9358151007570561
228.91122159090907,2886,0.0,2886.0,0.9358151007570561
229.11079545454544,2396,0.0,2396.0,0.9358151007570561
229.3103693181818,2233,0.025,2233.0,0.93407766363087608
229.5099431818182,1899,0.0,1899.0,0.93407766363087608
229.70951704545456,2516,0.0,2516.0,0.93407766363087608
229.90909090909093,1974,0.0,1974.0,0.93407766363087608
230.10866477272725,2512,0.0,2512.0,0.93407766363087608
230.30823863636363,2676,0.025,2676.0,0.93407766363087608
230.5078125,2200,0.025,2200.0,0.93230400077995412
230.70738636363637,3114,0.0,3114.0,0.93230400077995412
230.90696022727275,2782,0.0,2782.0,0.93230400077995412
231.10653409090907,2305,0.0,2305.0,0.93230400077995412
231.30610795454544,2465,0.025,2465.0,0.93230400077995412
231.5056818181818,2193,0.025,2193.0,0.93049369643202118
231.7052556818182,2093,0.0,2093.0,0.93049369643202118
231.90482954545456,1243,0.025,1243.0,0.92864634010970903
232.10440340909093,2693,0.725,2693.0,0.85738367322133024
232.30397727272725,2742,0.0,2742.0,0.86044771076266413
232.50355113636363,2370,0.0,2370.0,0.86346666822127971
232.703125,2187,0.0,2187.0,0.86346666822127971
232.90269886363637,2478,0.0,2478.0,0.86346666822127971
233.10227272727275,2757,0.0,2757.0,0.86346666822127971
233.30184659090907,2536,0.0,2536.0,0.86644065104933277
233.50142045454544,2537,0.0,2537.0,0.86936977986993225
233.7009943181818,2068,0.0,2068.0,0.86936977986993225
233.9005681818182,2794,0.0,2794.0,0.87225419018239525
234.10014204545456,2471,0.0,2471.0,0.93751673288649917
234.29971590909093,2157,0.0,2157.0,0.93751673288649917
234.49928977272725,2771,0.0,2771.0,0.93751673288649917
234.69886363636363,1899,0.0,1899.0,0.93751673288649917
234.8984375,2093,0.0,2093.0,0.93751673288649917
235.09801136363637,2657,0.0,2657.0,0.93751673288649917
235.29758522727275,2591,0.0,2591.0,0.93751673288649917
235.49715909090907,2853,0.0,2853.0,0.93751673288649917
235.69673295454544,2449,0.0,2449.0,0.93751673288649917
235.8963068181818,2319,0.0,2319.0,0.93751673288649917
236.0958806818182,2524,0.025,2524.0,0.9358151007570561
236.29545454545456,1058,0.075,1058.0,0.93049369629576795
236.49502840909093,1070,0.0,1070.0,0.93049369629576795
236.69460227272725,1044,0.0,1044.0,0.93049369629576795
236.89417613636363,800,0.0,800.0,0.93049369629576795
237.09375,734,0.0,734.0,0.93049369629576795
237.29332386363637,3553,0.75,3553.0,0.85738367598097354
237.49289772727275,3511,0.0,3511.0,0.85738367598097354
237.69247159090907,3370,0.0,3370.0,0.85738367598097354
237.89204545454544,3985,0.2,3985.0,0.83124106592338065
238.0916193181818,3190,0.0,3190.0,0.8346676284789174
238.2911931818182,4445,0.35,4445.0,0.79449985532302858
238.49076704545456,3538,0.0,3538.0,0.79449985532302858
238.69034090909093,3273,0.0,3273.0,0.79449985532302858
238.88991477272725,3845,0.075,3845.0,0.7826136463182336
239.08948863636363,3586,0.0,3586.0,0.7826136463182336
239.2890625,4474,0.025,4474.0,0.88064068427507758
239.48863636363637,3132,0.0,3132.0,0.88064068427507758
239.68821022727275,3461,0.1,3461.0,0.8356429660890845
239.88778409090907,3540,0.025,3540.0,0.85777704310241143
240.08735795454544,3555,0.0,3555.0,0.85777704310241143
240.2869318181818,3973,0.125,3973.0,0.88313952197505452
240.4865056818182,3404,0.0,3404.0,0.88313952197505452
240.68607954545456,3402,0.0,3402.0,0.88313952197505452
240.88565340909093,3473,0.0,3473.0,0.89083409976649808
241.08522727272725,3531,0.0,3531.0,0.89083409976649808
241.28480113636363,3475,0.025,3475.0,0.89083409976649808
241.484375,4113,0.225,4113.0,0.86661529263257819
241.68394886363637,3799,0.025,3799.0,0.87506819158260774
241.88352272727275,4443,0.475,4443.0,0.81853455062130331
242.08309659090907,4154,0.0,4154.0,0.81853455062130331
242.28267045454544,4016,0.0,4016.0,0.83564296781726255
242.4822443181818,4104,0.0,4104.0,0.83564296781726255
242.6818181818182,3851,0.0,3851.0,0.83564296781726255
242.88139204545456,3837,0.0,3837.0,0.83564296781726255
243.08096590909093,3887,0.0,3887.0,0.83564296781726255
243.28053977272725,3933,0.0,3933.0,0.83893491008612497
243.48011363636363,4152,0.0,4152.0,0.86661529284727989
243.6796875,3799,0.0,3799.0,0.86947557766805916
243.87926136363637,3400,0.35,3400.0,0.88313952314957445
244.07883522727275,3715,0.075,3715.0,0.87506819137743386
244.27840909090907,3646,0.025,3646.0,0.87229316343679275
244.47798295454544,3552,0.025,3552.0,0.86947557724502811
244.6775568181818,3380,0.0,3380.0,0.86947557724502811
244.8771306818182,3057,0.45,3057.0,0.81138979591181914
245.07670454545456,2570,0.0,2570.0,0.81138979591181914
245.27627840909093,2299,0.025,2299.0,0.80775327123581042
245.47585227272725,3498,0.0,3498.0,0.80775327123581042
245.67542613636363,3534,0.025,3534.0,0.80407417770148171
245.875,3493,0.0,3493.0,0.85166942078025665
246.07457386363637,3842,0.0,3842.0,0.86076613309924954
246.27414772727275,3691,0.0,3691.0,0.86371218294146868
246.47372159090907,3346,0.0,3346.0,0.866615293491385
246.67329545454544,3897,0.075,3897.0,0.85777704399965149
246.8728693181818,6064,0.975,6064.0,0.7850466636771295
247.0724431818182,3952,0.625,3952.0,0.67536882215143046
247.27201704545456,3979,0.0,3979.0,0.68016839705341781
247.47159090909093,5204,0.625,5204.0,0.55314275536779056
247.67116477272725,4105,0.05,4105.0,0.54784674671849753
247.87073863636363,4259,0.0,4259.0,0.54784674671849753
248.0703125,4191,0.0,4191.0,0.54784674671849753
248.26988636363637,3794,0.025,3794.0,0.54254221063089303
248.46946022727275,3661,0.0,3661.0,0.54254221063089303
248.66903409090907,4108,0.025,4108.0,0.55314275576203298
248.86860795454544,4141,0.0,4141.0,0.74393532884630054
249.0681818181818,3446,0.35,3446.0,0.78893573730178834
249.2677556818182,3101,0.0,3101.0,0.78893573730178834
249.46732954545456,2527,0.0,2527.0,0.8722931636451321
249.66690340909093,3901,0.0,3901.0,0.87780081465987447
249.86647727272725,3241,0.0,3241.0,0.87780081465987447
250.06605113636363,2772,0.0,2772.0,0.87780081465987447
250.265625,3204,0.0,3204.0,0.88049119899510186
250.46519886363637,3627,0.025,3627.0,0.87780081465987447
250.66477272727275,3581,0.025,3581.0,0.87780081465987447
250.86434659090907,3652,0.0,3652.0,0.87780081465987447
251.06392045454544,3355,0.0,3355.0,0.91171940914716743
251.2634943181818,3667,0.0,3667.0,0.91171940914716743
251.4630681818182,3546,0.0,3546.0,0.91171940914716743
251.66264204545456,3040,0.0,3040.0,0.91171940914716743
251.86221590909093,3646,0.0,3646.0,0.91171940914716743
252.06178977272725,3586,0.0,3586.0,0.91171940914716743
252.26136363636363,3535,0.0,3535.0,0.91171940914716743
252.4609375,3652,0.0,3652.0,0.91384232096843898
252.66051136363637,3161,0.125,3161.0,0.90511697556186821
252.86008522727275,3483,0.125,3483.0,0.89331620768634723
253.05965909090907,3093,0.0,3093.0,0.89331620768634723
253.25923295454544,2459,0.0,2459.0,0.89331620768634723
253.4588068181818,2518,0.0,2518.0,0.89331620768634723
253.6583806818182,2112,0.0,2112.0,0.89331620768634723
253.85795454545456,2686,0.025,2686.0,0.89083409995296248
254.05752840909093,2643,0.0,2643.0,0.89083409995296248
254.25710227272725,2331,0.0,2331.0,0.89083409995296248
254.45667613636363,3613,0.925,3613.0,0.76908021190702858
254.65625,3904,0.075,3904.0,0.77714490254016289
254.85582386363637,3980,0.0,3980.0,0.79658896998492468
255.05539772727275,3715,0.0,3715.0,0.79658896998492468
255.25497159090907,3863,0.0,3863.0,0.79658896998492468
255.45454545454544,3398,0.1,3398.0,0.7811162972195278
255.6541193181818,3239,0.0,3239.0,0.7811162972195278
255.8536931818182,3887,0.075,3887.0,0.77313277053888874
256.05326704545456,3483,0.0,3483.0,0.77313277053888874
256.25284090909093,3605,0.025,3605.0,0.76908021069327925
256.45241477272725,3569,0.0,3569.0,0.89083409920710488
256.6519886363636,3539,0.0,3539.0,0.89815769674827495
256.8515625,3273,0.025,2289.308448706648,0.89575732391229534
257.0511363636364,3147,0.2,3147.0,0.87506819014638981
257.25071022727275,3471,0.1,3471.0,0.86371218054460297
257.45028409090907,2875,0.0,2875.0,0.87506819014638981
257.64985795454544,3030,0.025,3030.0,0.87229316218675712
257.8494318181818,2888,0.0,2888.0,0.88049119780182128
258.0490056818182,3857,0.0,3857.0,0.88049119780182128
258.24857954545456,4080,0.0,4080.0,0.88313952197505452
258.44815340909093,4553,0.175,4553.0,0.86371218141619033
258.64772727272725,4082,0.075,4082.0,0.85474482882448577
258.8473011363636,4192,0.0,4192.0,0.8577770424294815
259.046875,4364,0.0,4364.0,0.88049119819958155
259.2464488636364,3782,0.025,3782.0,0.8883107648830475
259.44602272727275,3703,0.0,3703.0,0.8883107648830475
259.64559659090907,4109,0.05,4109.0,0.86524706138109186
259.84517045454544,3386,0.3,3386.0,0.8273349918688564
260.0447443181818,4635,0.05,4635.0,0.82041131635795062
260.2443181818182,4015,0.0,4015.0,0.82041131635795062
260.44389204545456,3711,0.025,3711.0,0.84066414539250522
260.64346590909093,3413,0.0,3413.0,0.8502066131210082
260.84303977272725,3427,0.0,3427.0,0.8502066131210082
261.0426136363636,3710,0.0,3710.0,0.8502066131210082
261.2421875,3851,0.175,3851.0,0.8307321375831298
261.4417613636364,3516,0.1,3516.0,0.81688495330387989
261.64133522727275,2974,0.0,2974.0,0.82389469342246435
261.84090909090907,2796,0.0,2796.0,0.86232503914628555
262.04048295454544,2611,0.0,2611.0,0.86812624337844868
262.2400568181818,988,0.05,988.0,0.86232503914628555
262.4396306818182,1045,0.0,1045.0,0.86524706159720211
262.63920454545456,627,0.0,627.0,0.86524706159720211
262.83877840909093,652,0.0,652.0,0.86524706159720211
263.03835227272725,650,0.0,650.0,0.86524706159720211
263.2379261363636,3643,0.75,3643.0,0.7871430674322446
263.4375,4272,0.05,4272.0,0.79483129748899528
263.6370738636364,4027,0.0,4027.0,0.79483129748899528
263.83664772727275,4181,0.0,4181.0,0.79483129748899528
264.03622159090907,4735,0.075,4735.0,0.78323672981218995
264.23579545454544,5341,0.65,5341.0,0.67801003286491535
264.4353693181818,4130,0.15,4130.0,0.64872626051592108
264.6349431818182,3644,0.0,3644.0,0.64872626051592108
264.83451704545456,4202,0.0,4202.0,0.64872626051592108
265.03409090909093,4266,0.025,4266.0,0.64375263235212321
265.23366477272725,4503,0.35,4503.0,0.71989432126003861
265.4332386363636,4071,0.025,4071.0,0.7243802676236446
265.6328125,4012,0.0,4012.0,0.7243802676236446
265.8323863636364,3991,0.0,3991.0,0.7243802676236446
266.03196022727275,4033,0.15,4033.0,0.71081769690550389
266.23153409090907,3894,0.0,3894.0,0.81688495409687978
266.43110795454544,4606,0.25,4606.0,0.80235205286248856
266.6306818181818,3925,0.0,3925.0,0.80235205286248856
266.8302556818182,3882,0.025,3882.0,0.79861271694065272
267.02982954545456,3677,0.0,3677.0,0.80235205286248856
267.22940340909093,3645,0.0,3645.0,0.85020661404962583
267.42897727272725,3775,0.025,3775.0,0.85020661404962583
267.6285511363636,4002,0.075,4002.0,0.84066414635981435
267.828125,3734,0.0,3734.0,0.84066414635981435
268.0276988636364,3857,0.0,3857.0,0.85936006867839243
268.22727272727275,3954,0.0,3954.0,0.85936006867839243
268.42684659090907,3643,0.0,3643.0,0.88709275440175261
268.62642045454544,3872,0.075,3872.0,0.87921717295643109
268.8259943181818,3176,0.0,3176.0,0.88188422325120941
269.0255681818182,2819,0.05,2819.0,0.87650801584838067
269.22514204545456,2638,0.0,2638.0,0.87650801584838067
269.42471590909093,4464,0.025,4464.0,0.87650801584838067
269.62428977272725,3845,0.0,3845.0,0.88450935163447708
269.8238636363636,3916,0.0,3916.0,0.88450935163447708
270.0234375,3937,0.0,3937.0,0.88450935163447708
270.2230113636364,3789,0.05,3789.0,0.87921717315670822
270.42258522727275,4108,0.15,4108.0,0.86232503783044767
270.62215909090907,3724,0.0,3724.0,0.87096270399273523
270.82173295454544,3531,0.0,3531.0,0.87096270399273523
271.0213068181818,3788,0.025,2873.7507945399325,0.87375657948839613
271.2208806818182,4574,0.675,4574.0,0.78323672747154471
271.42045454545456,4001,0.0,4001.0,0.78714306482669327
271.62002840909093,4126,0.0,4126.0,0.78714306482669327
271.81960227272725,3863,0.0,3863.0,0.78714306482669327
272.0191761363636,3557,0.025,3557.0,0.78323672747154471
272.21875,4330,0.075,4330.0,0.77928925297067031
272.4183238636364,3716,0.0,3716.0,0.80235205064625181
272.61789772727275,3831,0.0,3831.0,0.80235205064625181
272.81747159090907,3545,0.0,3545.0,0.80235205064625181
273.01704545454544,3984,0.0,3984.0,0.80604910987057787
273.2166193181818,3286,0.0,3286.0,0.88963464012174742
273.4161931818182,2821,0.0,2821.0,0.88963464012174742
273.61576704545456,3672,0.0,3672.0,0.88963464012174742
273.81534090909093,3470,0.0,3470.0,0.88963464012174742
274.01491477272725,3469,0.0,3469.0,0.89213522855322536
274.2144886363636,3993,0.05,3993.0,0.89459475072288808
274.4140625,3278,0.075,3278.0,0.88709275440175261
274.6136363636364,3933,0.15,3933.0,0.87096270378299068
274.81321022727275,3491,0.0,3491.0,0.87096270378299068
275.01278409090907,3109,0.0,3109.0,0.87096270378299068
275.21235795454544,2772,0.0,2772.0,0.87096270378299068
275.4119318181818,2917,0.0,2917.0,0.87096270378299068
275.6115056818182,3774,0.0,3774.0,0.87096270378299068
275.81107954545456,3517,0.0,3517.0,0.87096270378299068
276.01065340909093,2991,0.0,2991.0,0.87096270378299068
276.21022727272725,3041,0.0,3041.0,0.87650801564496006
276.4098011363636,3345,0.025,3345.0,0.88188422325120941
276.609375,3243,0.0,3243.0,0.89701344789148008
276.8089488636364,3173,0.0,3173.0,0.89701344789148008
277.00852272727275,3196,0.125,3196.0,0.884509352022538
277.20809659090907,2700,0.0,2700.0,0.884509352022538
277.40767045454544,3636,0.025,3636.0,0.8818842238426492
277.6072443181818,3301,0.0,3301.0,0.8818842238426492
277.8068181818182,3566,0.05,3566.0,0.87650801645864362
278.00639204545456,3505,0.0,3505.0,0.87650801645864362
278.20596590909093,2725,0.975,2725.0,0.73762239938033347
278.40553977272725,2796,0.0,2796.0,0.74196291269810799
278.6051136363636,2836,0.0,2836.0,0.74196291269810799
278.8046875,1512,0.0,1512.0,0.74196291269810799
279.0042613636364,1441,0.0,1441.0,0.76309386053883088
279.20383522727275,1599,0.0,1599.0,0.76309386053883088
279.40340909090907,1059,0.0,1059.0,0.76720290151918469
279.60298295454544,1032,0.0,1032.0,0.74066611738489874
279.8025568181818,860,0.0,860.0,0.74929309571441105
280.0021306818182,3803,0.25,3803.0,0.70468879892994918
280.20170454545456,2117,0.0,2117.0,0.85584387600326761
280.40127840909093,856,0.425,856.0,0.79770901172497588
280.60085227272725,1112,0.0,1112.0,0.79770901172497588
280.8004261363636,999,0.0,999.0,0.79770901172497588
281.0,1011,0.0,1011.0,0.79770901172497588
